x1,x2,x3,x4,y1
   9.94650,   5.41847,   9.74189,   1.13601,   9.72441
   4.26172,   4.90889,   4.66532,   3.05544,   1.73510
   9.57702,   4.99059,   4.53721,   2.00118,   5.24088
   7.12460,   9.08424,   8.16947,   7.59573,   2.04191
   4.07179,   2.54303,   8.83663,   2.18302,   6.82698
   2.31126,   3.88698,   6.21449,   3.21835,   3.38523
   7.97746,   9.43378,   6.84956,   2.66154,   4.43400
   6.32928,   2.97816,   8.89742,   8.86118,   3.35131
   8.66772,   8.68043,   1.41715,   5.04069,   3.62356
   1.87074,   6.26777,   3.16873,   6.96047,   5.80613
   4.05225,   2.68549,   5.40538,   9.47385,   4.29191
   2.59752,   3.27604,   8.63935,   4.37171,   4.32124
   2.26724,   6.92059,   5.54059,   3.58075,   5.04923
   5.28283,   8.19905,   9.47080,   3.86514,   6.31885
   8.79395,   5.08496,   2.95728,   4.50312,   4.01824
   3.58000,   3.32675,   4.44284,   1.58410,   2.86994
   3.59895,   6.85482,   8.39181,   7.49189,   3.37795
   3.13270,   2.13742,   5.33549,   1.00661,   4.44182
   9.50096,   1.01291,   9.92884,   3.40703,  10.70425
   9.02940,   2.48813,   7.89470,   9.85462,   6.82858
   2.26706,   6.29453,   2.76148,   8.49779,   7.00898
   3.08132,   4.44206,   3.09611,   5.57352,   2.82652
   8.55971,   3.78257,   4.61333,   6.97470,   5.32890
   4.09513,   2.86208,   1.61347,   8.53184,   7.02739
   9.17145,   5.58560,   4.14597,   5.97773,   4.02662
   7.13966,   8.23753,   8.06653,   9.83718,   2.08339
   5.51242,   4.96079,   1.09079,   7.08179,   6.01634
   8.54771,   8.03872,   4.72943,   6.95827,   2.28622
   6.27910,   4.82943,   8.28390,   8.70136,   1.50858
   9.65987,   2.97751,   6.09657,   7.86417,   6.91219
   4.79794,   5.57101,   1.95888,   9.03795,   7.12116
   1.13780,   2.57431,   5.76365,   5.59128,   1.44682
   6.94989,   7.96970,   1.04334,   9.75803,   8.77416
   2.46689,   3.55010,   8.03344,   4.80967,   3.40088
   5.74437,   3.39617,   5.48264,   8.35028,   3.70641
   4.58265,   6.69395,   8.67220,   3.60889,   5.48586
   4.81367,   9.26603,   8.39892,   8.50252,   4.45356
   1.03547,   4.01366,   1.66920,   7.56827,   6.60823
   5.87444,   4.50890,   9.19662,   2.97332,   6.37135
   7.59407,   2.69349,   9.97971,   8.30723,   5.17812
   3.28921,   7.67037,   4.75375,   7.76235,   5.31472
   2.60417,   3.51747,   8.03577,   5.66964,   2.53627
   6.65372,   4.11819,   2.02152,   9.60934,   8.00025
   4.42737,   2.16188,   7.66871,   9.98726,   3.24162
   4.43963,   5.99850,   5.03461,   6.49732,   2.13766
   6.76552,   1.03163,   4.60724,   6.51878,   6.04412
   4.74242,   2.39695,   1.65121,   6.02720,   4.96493
   4.61588,   7.81491,   2.17219,   3.36162,   3.41300
   4.17372,   9.60787,   8.85485,   1.10746,   9.46320
   6.19048,   3.27765,   1.44316,   3.88969,   3.80396
   9.03978,   5.25408,   4.45306,   4.04771,   3.80734
   3.75941,   6.62043,   3.32418,   2.25025,   3.05594
   7.38690,   4.76419,   3.50691,   5.09743,   3.06731
   2.18527,   5.47782,   6.28597,   3.82355,   4.11150
   4.59014,   6.23310,   7.62364,   1.66383,   6.18213
   2.69845,   9.07264,   4.93700,   3.57288,   6.51853
   9.02540,   1.06205,   7.28456,   6.26280,   8.02863
   3.05762,   9.06265,   5.82294,   3.37400,   6.48519
   8.63964,   3.72486,   7.27471,   3.41696,   6.24798
   4.07017,   8.85974,   3.63000,   2.80356,   4.86036
   7.99301,   7.34240,   4.40260,   8.16780,   3.82100
   5.53469,   6.82565,   9.88457,   7.20348,   2.97570
   2.89897,   6.11272,   5.03004,   1.58643,   4.71028
   5.40961,   7.79047,   7.11071,   1.05603,   6.50597
   7.70079,   7.07066,   1.26829,   9.29131,   8.04773
   8.95541,   2.27305,   6.19099,   2.24672,   7.75959
   2.31173,   2.16857,   3.95625,   1.83222,   2.12885
   7.65445,   9.92024,   7.60174,   4.75220,   3.64056
   1.53002,   7.84861,   9.63186,   9.65772,   6.31865
   3.17978,   7.37921,   5.03647,   3.43023,   4.49613
   1.27656,   2.72063,   6.93104,   6.06829,   1.68216
   4.61399,   5.63023,   4.70685,   3.51123,   1.56916
   2.11920,   9.59527,   3.62921,   1.57441,   7.75331
   7.79913,   2.65993,   7.45431,   9.60217,   5.56998
   8.38538,   5.78475,   5.68332,   1.45724,   4.96217
   9.87313,   1.66329,   7.04206,   6.91394,   8.21084
   7.36964,   2.83292,   1.42673,   3.91295,   5.17331
   8.47725,   1.67023,   6.30344,   8.71265,   7.22079
   8.81390,   1.20508,   1.60746,   1.27239,   7.61620
   2.88217,   7.21035,   5.08274,   7.05682,   4.75711
   9.77156,   6.09214,   7.53777,   6.79927,   3.75280
   8.01443,   8.48610,   2.78456,   2.28031,   0.69047
   9.15312,   6.07451,   8.74255,   6.20175,   3.99169
   4.01510,   9.33672,   5.03847,   5.25361,   5.32597
   4.67731,   3.51071,   1.01395,   5.38974,   4.52863
   6.61080,   6.66393,   4.57841,   9.57337,   4.99524
   6.17681,   2.12285,   3.10499,   9.13534,   7.26634
   7.40868,   3.74357,   5.02723,   6.62104,   3.99666
   1.78176,   9.96780,   1.64677,   5.35671,   8.98750
   3.48503,   1.10227,   6.71546,   7.92508,   2.67221
   2.30106,   4.81364,   9.78300,   4.82946,   5.55434
   2.00624,   5.85673,   4.76272,   6.02416,   4.05185
   4.32638,   2.63465,   3.52775,   4.47321,   1.93800
   2.97438,   9.05877,   2.97000,   6.34119,   6.95590
   7.18317,   4.25555,   4.43712,   9.20123,   5.59176
   7.88374,   5.24725,   8.70072,   1.62452,   7.55140
   2.42631,   5.98987,   2.14095,   1.11112,   3.70938
   2.00846,   5.54081,   5.76186,   3.66966,   4.10546
   9.21433,   9.36054,   3.09389,   8.44360,   5.35171
   6.81160,   3.53664,   9.60225,   9.51783,   3.27605
   5.08451,   3.14926,   6.06688,   7.86712,   2.64312
   2.11951,   2.31937,   5.69001,   3.16407,   2.53384
   9.33270,   6.97251,   8.50200,   3.73279,   5.32127
   7.45262,   5.15515,   5.28653,   5.15536,   2.30121
   8.55932,   2.42393,   3.19022,   3.80171,   6.16579
   7.24134,   3.61929,   5.42498,   4.77631,   3.67968
   4.16032,   4.34215,   6.50035,   5.91073,   0.61701
   2.27295,   3.83185,   2.77458,   3.34604,   1.66034
   2.29886,   6.56252,   8.13245,   8.26384,   4.26569
   2.49963,   4.89095,   5.82473,   7.25380,   2.78580
   5.31712,   6.51768,   5.26460,   1.89212,   3.57981
   6.67546,   8.09293,   5.17280,   1.08702,   4.32467
   3.46077,   2.33501,   2.48996,   4.30344,   2.13450
   7.84099,   1.31616,   6.25753,   6.94472,   6.56092
   2.45433,   1.75780,   2.07035,   2.95993,   1.12982
   1.53225,   3.61812,   2.58050,   1.95204,   2.17848
   4.25373,   7.14257,   8.82562,   9.95513,   3.10180
   4.06638,   3.76568,   3.22727,   6.96752,   3.75232
   6.71242,   7.28433,   1.07647,   9.60508,   8.54776
   3.56658,   3.46321,   4.07503,   8.26225,   4.18850
   7.04866,   7.60819,   7.83210,   1.40675,   6.44966
   2.58408,   3.50045,   4.06627,   1.52201,   2.70426
   2.99815,   6.27926,   3.23020,   8.81651,   6.47863
   5.95506,   8.81760,   2.22690,   8.64919,   7.03135
   8.71410,   6.05414,   3.38981,   2.57390,   2.78228
   2.13970,   4.23032,   2.63004,   6.73767,   4.60904
   6.39366,   5.03073,   2.46306,   4.69128,   2.61199
   1.18762,   9.11169,   5.10944,   1.44420,   8.73069
   5.16922,   4.84077,   1.61793,   7.09749,   5.48939
   9.50944,   7.06191,   5.48636,   9.54452,   4.73910
   6.28385,   4.80268,   1.40477,   8.52738,   7.27499
   9.34138,   5.69103,   8.93510,   2.87340,   7.07596
   8.08180,   7.08038,   3.46926,   7.34099,   3.99914
   4.70302,   2.00774,   9.58908,   8.40503,   2.94389
   2.68778,   6.58348,   2.34300,   2.60005,   3.90416
   2.49841,   7.67476,   6.76743,   8.19596,   5.36985
   2.09171,   1.98830,   1.76991,   7.48080,   5.71183
   2.36297,   3.94313,   9.60770,   1.23884,   8.51673
   2.62756,   8.37678,   3.39556,   4.66982,   5.88875
   1.53795,   7.55790,   1.61781,   9.27779,   9.74244
   3.01513,   5.76478,   5.99750,   6.46327,   2.78882
   5.27252,   4.67924,   8.01219,   5.99903,   2.09876
   8.04012,   6.51285,   6.25845,   6.05346,   1.54097
   4.40223,   3.36060,   5.48165,   8.09995,   2.81789
   1.41657,   6.23328,   2.92224,   2.53616,   4.83216
   5.76351,   2.80897,   9.85051,   6.18658,   4.70677
   1.15364,   7.38259,   9.66250,   8.60481,   6.31811
   4.44736,   1.07274,   5.48774,   4.77921,   3.44820
   6.10837,   8.54536,   8.90391,   2.60427,   6.75458
   5.02633,   4.13373,   8.54533,   7.60949,   1.29326
   8.92160,   4.83319,   8.63127,   5.18442,   5.34751
   8.83625,   9.22946,   7.70274,   6.54105,   1.22643
   3.01481,   6.22699,   2.10295,   1.74379,   3.23220
   2.70836,   8.98242,   7.03535,   1.83041,   8.15201
   9.99565,   7.10977,   3.52293,   6.36203,   4.04831
   9.65909,   8.77430,   7.43740,   3.12849,   4.39881
   7.41733,   8.46506,   3.33082,   3.86991,   1.17828
   7.05473,   2.94267,   5.15910,   2.48245,   4.90648
   5.80808,   7.97837,   3.28372,   3.47854,   2.17903
   6.62571,   8.60624,   5.90520,   3.25572,   3.30790
   9.99101,   3.13618,   2.66432,   3.40280,   6.89450
   9.68797,   9.47070,   4.26981,   4.54384,   0.34971
   9.48338,   6.42770,   9.95407,   6.63770,   4.50949
   8.94930,   7.14875,   4.76738,   4.78925,   1.80069
   3.63544,   5.36512,   1.85668,   1.39644,   1.78987
   6.50867,   4.15353,   9.83402,   8.22123,   2.85442
   9.79730,   7.52363,   2.43857,   5.53204,   3.83916
   3.98902,   4.61494,   9.69648,   2.36487,   7.35828
   5.05344,   5.60955,   9.18012,   5.17685,   4.04171
   1.50693,   2.84615,   6.57457,   2.40004,   4.38409
   9.46660,   8.99169,   8.11113,   9.17655,   1.16647
   8.94156,   4.54488,   9.29722,   6.93461,   4.99126
   2.46401,   5.53630,   4.97561,   7.91767,   4.25379
   2.89201,   8.19565,   5.35057,   8.76322,   6.30673
   8.90396,   1.97676,   8.83857,   9.08622,   6.93162
   9.29006,   8.73311,   5.33317,   2.59381,   2.79541
   2.73047,   6.15990,   4.06006,   7.27587,   4.70132
   2.11698,   7.66473,   3.65752,   4.62033,   5.63068
   7.61037,   8.91168,   5.23742,   1.52614,   3.93281
   7.68933,   8.08020,   2.72866,   4.20867,   1.53075
   8.82635,   5.23486,   8.51205,   6.20395,   4.26921
   8.36415,   4.85880,   6.36458,   9.96349,   5.02390
   7.93521,   7.74075,   3.27724,   1.16060,   2.12555
   1.14176,   6.02836,   7.46385,   3.71601,   6.15834
   7.08053,   6.10377,   5.78631,   5.23187,   1.12315
   7.29252,   5.05577,   6.66484,   1.56505,   5.56874
   9.36341,   4.21476,   5.76202,   8.88541,   6.02197
   1.96969,   5.05979,   8.37668,   7.36361,   3.25193
   7.32911,   1.37477,   3.23341,   3.23885,   5.95434
   5.46437,   3.66868,   5.37113,   4.76098,   1.89652
   8.50374,   8.79806,   3.66140,   1.08192,   2.59622
   9.01384,   3.89953,   5.35570,   9.18461,   6.38880
   5.50841,   2.37618,   1.84245,   5.59094,   4.88488
   4.17122,   3.18339,   5.15707,   3.60385,   1.84073
   9.53945,   4.89348,   2.62191,   3.07291,   4.66781
   7.56395,   8.24728,   3.84758,   5.98815,   2.24699
   1.53889,   9.00434,   1.37258,   1.13486,   7.46924
   9.18220,   1.08276,   2.41224,   7.93923,   9.80553
   3.19903,   7.78059,   3.00170,   1.27815,   4.89503
   5.64641,   5.20157,   4.72840,   2.24159,   2.52628
   4.63581,   5.39108,   5.92511,   8.26070,   2.45467
   9.16704,   9.22790,   1.55326,   5.71287,   4.16006
   4.04308,   7.43360,   9.67068,   2.94823,   7.52907
   4.53867,   3.15061,   4.91536,   5.52287,   1.51518
   5.36728,   7.38857,   6.42098,   5.61950,   2.17439
   6.34528,   8.96963,   1.09635,   4.84671,   4.57738
   7.35220,   7.92261,   9.55964,   6.61265,   3.00169
   9.44979,   3.38743,   9.51099,   7.73953,   6.31587
   2.73376,   6.54242,   7.11365,   5.21525,   4.25557
   5.94443,   6.56335,   9.62721,   7.62544,   2.09527
   1.06312,   1.73870,   8.02186,   4.89604,   3.19799
   7.30618,   7.62353,   4.66628,   7.05148,   2.40623
   1.64399,   1.79742,   1.93766,   5.82199,   3.88735
   4.57016,   4.98700,   4.86532,   7.32928,   2.49897
   8.72350,   9.96214,   5.48329,   8.44342,   3.20882
   8.40843,   7.56202,   6.60510,   9.68020,   3.18946
   4.39645,   6.32709,   6.25786,   9.92920,   4.14802
   7.56023,   1.31238,   6.43065,   3.20051,   7.03344
   9.47092,   2.18315,   7.82527,   9.38551,   7.45291
   6.15458,   1.02098,   7.17943,   8.95900,   5.43330
   2.43044,   2.80987,   5.40178,   6.68917,   1.34214
   1.65216,   3.33038,   1.88763,   4.79730,   3.35896
   6.08755,   3.04879,   6.57789,   7.20393,   3.10257
   2.71087,   9.26425,   1.09531,   8.37444,   9.79451
   8.94432,   3.66998,   7.69575,   6.13562,   5.50024
   1.81868,   7.90600,   8.42262,   9.76487,   6.23355
   4.35748,   3.10999,   6.48186,   1.07606,   5.54788
   9.18333,   6.36537,   9.09569,   7.45159,   3.26251
   4.09063,   7.59356,   6.46377,   3.05828,   4.88548
   7.33689,   5.35813,   8.59199,   7.68528,   2.17660
   9.52047,   1.50419,   4.91508,   8.31810,   8.70869
   3.45888,   6.30246,   7.42851,   8.02436,   2.90534
   5.93676,   6.08816,   5.13290,   2.97864,   2.15957
   1.86425,   8.70157,   7.05376,   9.49003,   7.25840
   5.05801,   1.98402,   7.51785,   8.89283,   3.36749
   1.39189,   1.89935,   6.25383,   7.26720,   1.13333
   8.60403,   2.75157,   5.41876,   3.78993,   6.07489
   5.46798,   8.90809,   7.24855,   9.40074,   4.05786
   9.18455,   8.95448,   4.33536,   3.07323,   1.28293
   1.40890,   1.09101,   9.24215,   3.85028,   5.40123
   7.32736,   8.60333,   7.86626,   2.48501,   5.53045
   1.95407,   3.97086,   3.96027,   8.77845,   5.22324
   9.14129,   3.99549,   3.18366,   5.83304,   5.78779
   8.93681,   5.33153,   7.16859,   9.16316,   4.12023
   5.50886,   9.44076,   2.53409,   6.56698,   5.63241
   3.73483,   8.01084,   3.17741,   3.97387,   4.34955
   6.99648,   8.50900,   4.36248,   6.14463,   2.33747
   2.01132,   7.49173,   8.35912,   3.67296,   7.21076
   3.98062,   3.45587,   6.48395,   4.41053,   2.13878
   7.54102,   7.76788,   7.71593,   6.99125,   0.75936
   4.17120,   2.71553,   5.89623,   1.83587,   4.31341
   5.73260,   7.04382,   8.53315,   8.19036,   1.35528
   1.91889,   7.04579,   2.63507,   8.69862,   7.94052
   2.12002,   4.98339,   9.31930,   5.78342,   4.54987
   6.20051,   3.00200,   6.57498,   3.98557,   4.11527
   7.71501,   3.51994,   4.99299,   9.08852,   5.86277
   5.70174,   1.63678,   8.83723,   9.43798,   4.10911
   1.92072,   3.04686,   2.58134,   5.29766,   2.94051
   1.63058,   6.14200,   9.39162,   1.49864,   9.09132
   5.08077,   8.86396,   2.57788,   2.60624,   3.78329
   7.59565,   8.93516,   5.89477,   5.80825,   1.34230
   4.01787,   6.35843,   3.33214,   2.78334,   2.40403
   5.64439,   9.87740,   5.16510,   9.28565,   5.90740
   4.59987,   3.73265,   7.37960,   3.90657,   3.57967
   2.70669,   7.72055,   9.04403,   9.60089,   5.04469
   4.39368,   9.69197,   5.48458,   8.21457,   5.96026
   1.50931,   3.50285,   7.08868,   5.56038,   2.51195
   4.76428,   2.81567,   5.60619,   4.02518,   2.50931
   1.23784,   2.61132,   6.75653,   4.53592,   2.61104
   3.35182,   9.50756,   2.43141,   1.61363,   6.20982
   4.15423,   1.78373,   8.54865,   9.95601,   2.75680
   9.73694,   4.10683,   3.85140,   8.32111,   7.18863
   1.01074,   9.74117,   1.70617,   4.79248,   9.25990
   2.43552,   1.29899,   6.66365,   9.58993,   3.13924
   3.20051,   5.61480,   8.50544,   9.49844,   2.61052
   5.32241,   9.77073,   4.62024,   7.41276,   5.25221
   1.44716,   5.32563,   2.91248,   5.13938,   4.47231
   8.39833,   9.94637,   2.14609,   6.76428,   4.87074
   4.46475,   9.16945,   8.78728,   7.04801,   5.01590
   3.14929,   4.48631,   2.45616,   8.59763,   6.28532
   8.10382,   6.20614,   9.78672,   7.57762,   2.91227
   8.34894,   1.02029,   8.91179,   1.27317,  10.58573
   3.92081,   1.05154,   2.68619,   4.60657,   3.45261
   2.66838,   6.88016,   7.06377,   2.93847,   5.89551
   2.33033,   4.18030,   2.04361,   9.51467,   7.69669
   3.68038,   5.50454,   3.58641,   8.88237,   5.60131
   9.60814,   6.48155,   3.41049,   5.82374,   3.94960
   7.67930,   3.81547,   8.99160,   2.03735,   7.95556
   6.05762,   3.36676,   4.32838,   6.43124,   3.41508
   9.11211,   2.74696,   5.63621,   6.11011,   6.38277
   9.46842,   7.79675,   4.96990,   2.36950,   3.09137
   1.42640,   4.06827,   6.71780,   1.38776,   5.94885
   8.81726,   6.08384,   9.46379,   2.68288,   7.31111
   3.67315,   4.54889,   8.26677,   5.04127,   3.34227
   9.03141,   8.18577,   4.54629,   1.03950,   3.60730
   1.47508,   8.10824,   3.32904,   4.43742,   6.72513
   2.84475,   8.54280,   1.43283,   7.12468,   8.05388
   7.95231,   4.65212,   5.02713,   5.19629,   3.30452
   8.88380,   7.71509,   5.43492,   1.22463,   4.36948
   3.55391,   5.81704,   1.64235,   5.88957,   4.81255
   9.19887,   2.35649,   2.13630,   3.53473,   6.98382
   1.85686,   6.26562,   3.23657,   5.64780,   5.02505
   7.33925,   7.74504,   6.43642,   6.07808,   0.54135
   9.53307,   6.76703,   1.50767,   7.04730,   6.19180
   8.28708,   2.85918,   5.08370,   1.58784,   6.45625
   6.49460,   8.77769,   2.73497,   7.29890,   5.10313
   5.12631,   6.42807,   3.77722,   9.90654,   6.26603
   1.35284,   2.99926,   1.35841,   3.20867,   2.47673
   6.69038,   6.28252,   1.02528,   8.57630,   7.56203
   5.24597,   8.09207,   7.82114,   4.66242,   4.25180
   9.51214,   8.75824,   9.54274,   8.21697,   1.52513
   8.18361,   8.13873,   4.29617,   7.95864,   3.66274
   5.42783,   8.81352,   4.54167,   4.61371,   3.38645
   5.45073,   6.98845,   9.80241,   4.67755,   5.35059
   6.98443,   5.38554,   2.74656,   2.91941,   1.60820
   7.97922,   6.47076,   4.55398,   8.03367,   3.79258
   7.39615,   6.96640,   4.19314,   7.26988,   3.10662
   7.46197,   7.28097,   3.67879,   9.00757,   5.33186
   7.17542,   7.21045,   5.44103,   3.92876,   1.51268
   5.11084,   3.23977,   1.01353,   9.80159,   8.98504
   7.47967,   8.02144,   8.19253,   1.60853,   6.60626
   7.38314,   5.90890,   6.56294,   9.31463,   3.12173
   9.17700,   5.01728,   7.99344,   1.41614,   7.78230
   8.89770,   4.74091,   6.19548,   3.74332,   4.82618
   3.42351,   7.05253,   2.64950,   7.13303,   5.76817
   9.11165,   4.40439,   2.93805,   6.12749,   5.68602
   8.25398,   7.52559,   9.24298,   6.41560,   2.91969
   1.03778,   6.91744,   6.72426,   8.48956,   6.13894
   1.16873,   5.92508,   4.93488,   3.35024,   5.01338
   7.86386,   8.37459,   9.85157,   4.21720,   5.65748
   3.94767,   9.97945,   3.68029,   1.21789,   6.51504
   2.87807,   3.36482,   8.17848,   1.44491,   6.75114
   8.36986,   9.40425,   1.63948,   5.52308,   4.01900
   9.09074,   2.51903,   7.39987,   8.55139,   6.67183
   3.57165,   5.53987,   9.59539,   5.97175,   4.12367
   4.50594,   3.50582,   3.73512,   8.06761,   4.44643
   8.39935,   2.85860,   6.17442,   2.01803,   6.92644
   4.31783,   2.94055,   4.65041,   5.08359,   1.44380
   2.51577,   2.80692,   7.02873,   4.19155,   2.85208
   4.45642,   8.32034,   6.06962,   3.16812,   4.83204
   1.21298,   9.24725,   8.56279,   7.48518,   8.10622
   8.36815,   3.91990,   9.85533,   1.45921,   9.50166
   1.76108,   2.04979,   1.32420,   3.81633,   2.50880
   5.27961,   1.90589,   7.96934,   9.62868,   3.75972
   9.44498,   7.58672,   6.46648,   3.52677,   3.47779
   1.71995,   6.27835,   8.43826,   3.96502,   6.38662
   6.23721,   7.68420,   1.32563,   5.14300,   4.08242
   9.65085,   1.94146,   9.90178,   6.52408,   8.41686
   1.15246,   8.00062,   8.38160,   5.91673,   7.27824
   9.76621,   6.92682,   3.59157,   6.06846,   3.76791
   3.08152,   8.65243,   9.68814,   6.38236,   6.47790
   7.63711,   2.02544,   1.28229,   6.61836,   7.74367
   9.17956,   4.60202,   7.26682,   4.36143,   5.42173
   1.24758,   5.44710,   1.73018,   2.81370,   4.33705
   1.79246,   9.71240,   2.19084,   7.31591,   9.43354
   2.74035,   1.71721,   4.75922,   1.36450,   3.54555
   9.63683,   3.17934,   4.13753,   3.39936,   6.49954
   2.35476,   7.79276,   2.11886,   5.35400,   6.32755
   7.38379,   8.00384,   6.76199,   1.19034,   5.60604
   5.07781,   7.12493,   1.80652,   5.87667,   4.55597
   3.74287,   2.70143,   5.41772,   1.22265,   4.32241
   7.87714,   9.99991,   6.45294,   6.02707,   2.16506
   9.35182,   6.55728,   2.52913,   5.53566,   4.10472
   1.78884,   8.62563,   1.04764,   8.41561,  10.05130
   7.67035,   5.35171,   6.34437,   3.08403,   4.00074
   5.07378,   9.50097,   1.29113,   6.22470,   6.62874
   8.48507,   7.73159,   1.38544,   9.00364,   7.65537
   1.91828,   7.05483,   6.94940,   8.50294,   5.36634
   7.53245,   2.49583,   7.00577,   5.37725,   5.29336
   3.33002,   2.03665,   6.01925,   5.14168,   1.56299
   7.66297,   3.50252,   2.58090,   5.70814,   5.20471
   9.24424,   4.24987,   9.66221,   1.20152,   9.82482
   9.78843,   7.45986,   1.81586,   8.19149,   6.78755
   7.23316,   2.41363,   7.74379,   7.67624,   4.82000
   4.42212,   8.41878,   4.57257,   2.42512,   4.53705
   7.01864,   5.64044,   8.46025,   9.98684,   2.05667
   3.14470,   5.79480,   5.79164,   7.36246,   3.08066
   8.60389,   1.63750,   5.43531,   5.67575,   6.97053
   7.32821,   9.29652,   2.26323,   3.53762,   2.34485
   8.25706,   8.96778,   3.82752,   6.63721,   2.89819
   2.02973,   1.21051,   5.64329,   5.36808,   0.86421
   6.11438,   2.90592,   6.61331,   5.98061,   3.27026
   4.01062,   7.08477,   6.59470,   6.29535,   3.08869
   4.24716,   3.04977,   5.09321,   2.80450,   2.58301
   1.28052,   8.18264,   4.80190,   8.24317,   7.71243
   3.86349,   1.69790,   5.01315,   9.95479,   5.39534
   1.39528,   4.45532,   8.06392,   3.89468,   5.17169
   7.51326,   1.49251,   9.41714,   7.94989,   6.19695
   2.16148,   4.60574,   4.48970,   5.15479,   2.53313
   8.21655,   6.32252,   9.44109,   3.71638,   6.02990
   7.68214,   4.98974,   8.64284,   7.33547,   2.99303
   3.94468,   5.04525,   5.95198,   1.17843,   4.89878
   3.27455,   7.49040,   4.53248,   6.36981,   4.59882
   5.62471,   5.83040,   9.62954,   4.30673,   5.32678
   6.12103,   6.33384,   8.27513,   9.91112,   1.64978
   7.48435,   9.09896,   2.95460,   7.25976,   4.59797
   9.50235,   4.59399,   7.95216,   8.46394,   4.93497
   5.19367,   6.68955,   3.25084,   2.34099,   1.75086
   7.91410,   7.54225,   1.89301,   5.29124,   3.41852
   3.62917,   6.15761,   6.06865,   5.07498,   2.71669
   7.85262,   1.48730,   9.47144,   8.35514,   6.46246
   2.83722,   9.44851,   5.19130,   6.11259,   6.67517
   5.70667,   7.42364,   4.94430,   5.32039,   1.75768
   1.32785,   5.89182,   8.44834,   9.38511,   4.65912
   4.17493,   1.56415,   3.24942,   6.93616,   4.51755
   4.58669,   6.66105,   5.27689,   4.92659,   2.10373
   6.69437,   5.59323,   2.58195,   5.89454,   3.49081
   3.86301,   9.41524,   1.56259,   5.07312,   6.56895
   8.94726,   8.72485,   1.75830,   4.51814,   2.76878
   3.41038,   4.85599,   9.75767,   9.34330,   1.50383
   6.76998,   6.64434,   3.29692,   9.59361,   6.29795
   9.22420,   6.40913,   6.95236,   5.40150,   3.21400
   9.50000,   8.37307,   7.42301,   2.19540,   5.34770
   8.22225,   3.76532,   6.54052,   2.59919,   5.94964
   4.00821,   3.07901,   9.21697,   7.24223,   2.18243
   6.09289,   5.71460,   5.91810,   7.59074,   1.71489
   8.31960,   5.81688,   5.45019,   1.74118,   4.47441
   6.63885,   8.54456,   4.15792,   6.78588,   3.24621
   3.58425,   6.82524,   9.01023,   1.29662,   8.36683
   9.83970,   2.81441,   1.49046,   2.35936,   7.07882
   8.05274,   1.75281,   4.17750,   3.11073,   6.38961
   4.17592,   4.82628,   2.55691,   3.27314,   0.96744
   6.36869,   2.81555,   2.55741,   7.89460,   6.41174
   7.80259,   6.40812,   7.42090,   9.26455,   2.31162
   1.37525,   7.90639,   1.82994,   8.24394,   9.15397
   5.41877,   9.78184,   3.24650,   4.71121,   4.60236
   9.57503,   8.56123,   7.54549,   6.73532,   1.29776
   6.43877,   3.17804,   2.06272,   6.61679,   5.60107
   6.18417,   4.58212,   1.17327,   3.02736,   2.45035
   1.82070,   2.63370,   7.57329,   7.30494,   0.85614
   7.75512,   5.36636,   6.44771,   9.75702,   4.08139
   4.76214,   1.62063,   8.60961,   4.47285,   5.19441
   5.14104,   8.65830,   8.86528,   6.20144,   4.41216
   7.70133,   8.03366,   2.59041,   3.29955,   0.78314
   4.45368,   7.53135,   8.88047,   2.02104,   7.51823
   4.99888,   8.44299,   6.93823,   7.02559,   3.44521
   4.40720,   8.14767,   5.55862,   3.68199,   4.18483
   2.09457,   6.34053,   3.54857,   4.83317,   4.43603
   3.66898,   2.65606,   6.67844,   3.68668,   3.15858
   8.27880,   7.05979,   3.71871,   8.95316,   5.37451
   3.79934,   3.48900,   8.19309,   7.02571,   1.20792
   3.14155,   9.31615,   5.61173,   2.33205,   6.99157
   1.81219,   9.42844,   1.82799,   3.74766,   7.85445
   1.51245,   5.38400,   1.78083,   2.99175,   4.05651
   9.28484,   9.33853,   1.56369,   7.69778,   6.13432
   2.28890,   6.90985,   5.26615,   1.99540,   5.66136
   1.98758,   2.30231,   9.27854,   8.52501,   0.81662
   4.18273,   9.14839,   2.33068,   4.33094,   5.35339
   3.57685,   9.34575,   1.73032,   7.86227,   8.41910
   2.28650,   6.17233,   4.38788,   5.70556,   4.10316
   2.61817,   8.03351,   8.69144,   1.38931,   9.09105
   6.53799,   3.03245,   4.73170,   7.96877,   4.77153
   6.57351,   2.40523,   5.27643,   8.14190,   5.05820
   4.80384,   5.54771,   7.43322,   5.11703,   2.43271
   4.15862,   7.74681,   5.05727,   6.37816,   3.82359
   7.55954,   7.68035,   5.40872,   5.07120,   0.35849
   6.10811,   8.99737,   3.67560,   4.95172,   3.15853
   1.92675,   5.22127,   3.90851,   2.96300,   3.42751
   2.43574,   7.09160,   2.46209,   2.37826,   4.65662
   4.14647,   4.38701,   2.33763,   8.40995,   6.07708
   9.73470,   6.76755,   7.99580,   3.32376,   5.53462
   3.73196,   7.25620,   5.21404,   1.56514,   5.07294
   8.61959,   9.87338,   2.56007,   3.30527,   1.45853
   3.02344,   5.31462,   2.28641,   6.33831,   4.65483
   4.75699,   4.36469,   6.27131,   1.67937,   4.60867
   6.29555,   5.40038,   9.66255,   9.15067,   1.03119
   1.24003,   9.04425,   3.79464,   5.77125,   8.05064
   9.84539,   2.30385,   7.80640,   3.43666,   8.71604
   8.23677,   8.77331,   4.97988,   3.54546,   1.53148
   2.12969,   3.41312,   2.32633,   9.12642,   6.92015
   7.23779,   5.22331,   6.86624,   6.44186,   2.05870
   1.74111,   4.66952,   9.53136,   8.73411,   3.03500
   3.92813,   3.22075,   7.64129,   6.22088,   1.58681
   1.99549,   7.29767,   2.02306,   4.76220,   5.96791
   8.22874,   1.92829,   7.79262,   7.88783,   6.30117
   3.94095,   3.01796,   7.11260,   9.23746,   2.31667
   3.27967,   8.14877,   5.14985,   4.59253,   4.90089
   7.59946,   8.80502,   4.02421,   8.53545,   4.66954
   1.70982,   9.91690,   4.65199,   1.68480,   8.72699
   3.05395,   6.35310,   9.07117,   9.76011,   3.37031
   3.83722,   5.21747,   6.12326,   6.43967,   1.41606
   7.50747,   7.11250,   2.38364,   4.08588,   1.74746
   7.51096,   7.87877,   5.05807,   6.81159,   1.79168
   6.47451,   7.13754,   6.48741,   7.68224,   1.36647
   2.01008,   2.99568,   9.64821,   7.04367,   2.78479
   8.53254,   5.28094,   7.88161,   9.33716,   3.56251
   5.80920,   7.20232,   3.69161,   1.97188,   2.21319
   4.43352,   6.69113,   7.89122,   6.04651,   2.91544
   1.17080,   1.70831,   8.18481,   6.48981,   1.77819
   6.17175,   9.11476,   1.08665,   8.74726,   8.20648
   5.37694,   4.61222,   4.39853,   5.26166,   1.15316
   3.73018,   4.21472,   1.90569,   9.82152,   7.93064
   8.22458,   9.67905,   9.38636,   3.54829,   6.01652
   1.53395,   2.67991,   7.88777,   2.10180,   5.89836
   8.97477,   8.07638,   5.86976,   8.41460,   2.69876
   8.82136,   3.73243,   7.53450,   2.24260,   7.34177
   3.41199,   8.04324,   3.58194,   2.50066,   4.75581
   3.03306,   6.77350,   7.04297,   6.59116,   3.76763
   7.91519,   9.37467,   2.12507,   8.69432,   6.72942
   2.11477,   7.06669,   1.31974,   3.46494,   5.39661
   9.06702,   9.08059,   8.36398,   8.99642,   0.63259
   5.74094,   5.87232,   3.86406,   3.67862,   0.22727
   8.18648,   2.70654,   3.63826,   2.50509,   5.59587
   1.74280,   2.56513,   4.50287,   8.73884,   4.31505
   9.78834,   2.01179,   9.91584,   8.76783,   7.86083
   3.61408,   9.57406,   5.48361,   5.72137,   5.96472
   6.32874,   6.41248,   1.67051,   6.90287,   5.23304
   9.71548,   1.86225,   3.52279,   2.00171,   7.99918
   9.84842,   4.33500,   5.34656,   8.26567,   6.23850
   7.89959,   6.38517,   3.56461,   1.29293,   2.73020
   6.56325,   1.99591,   7.07130,   9.85622,   5.34943
   5.97968,   7.74172,   4.34312,   1.86699,   3.03908
   5.92131,   6.35880,   6.86740,   4.31465,   2.58997
   4.44009,   3.89198,   7.45397,   2.79608,   4.69003
   5.00394,   5.04515,   8.32067,   6.12185,   2.19921
   4.23812,   4.32939,   3.13767,   9.41525,   6.27825
   4.19712,   8.63894,   1.15133,   3.24391,   4.91006
   3.70753,   7.46837,   5.49751,   6.60333,   3.92004
   5.15994,   4.50862,   6.07352,   9.94695,   3.92781
   4.52408,   6.91199,   9.35849,   3.89182,   5.96545
   6.28593,   8.57065,   1.21609,   8.84433,   7.96305
   7.20901,   2.00698,   5.04182,   6.99246,   5.55573
   7.69607,   1.28393,   2.41033,   3.13687,   6.45317
   6.63919,   6.56362,   8.61164,   9.40348,   0.79543
   3.72410,   1.48144,   1.33136,   4.90667,   4.22047
   5.96364,   1.32122,   2.01786,   6.77279,   6.64541
   2.95154,   1.15061,   5.86319,   3.56701,   2.91818
   4.27160,   2.75961,   5.46186,   7.02346,   2.17364
   6.20493,   8.47270,   4.59549,   5.47849,   2.43361
   6.95303,   2.26239,   4.91554,   7.93293,   5.57734
   4.27382,   2.26034,   7.94885,   6.67255,   2.38391
   6.47164,   9.87023,   5.11997,   4.71486,   3.42264
   8.30838,   3.43081,   8.01147,   2.06391,   7.69183
   4.74328,   5.12086,   7.30850,   4.05283,   3.27749
   4.49829,   1.77676,   7.78065,   1.26180,   7.06414
   1.71838,   3.57007,   3.66144,   3.22545,   1.90232
   9.11081,   8.15205,   7.51982,   3.36807,   4.26102
   2.24120,   2.33506,   1.19936,   2.30235,   1.10698
   2.58829,   5.77175,   5.04785,   6.03606,   3.33332
   1.76300,   6.77409,   2.05644,   5.28418,   5.96065
   2.43613,   1.32657,   6.37799,   1.59514,   4.90987
   8.52702,   6.19179,   2.23994,   9.57824,   7.70091
   1.10139,   2.07275,   2.46374,   2.25422,   0.99370
   8.36255,   8.83801,   6.41909,   1.78061,   4.66278
   5.16855,   9.55997,   3.66586,   5.33485,   4.69789
   3.18828,   2.66599,   9.95208,   7.89614,   2.12125
   5.14845,   2.21270,   9.69198,   3.25117,   7.07832
   9.18677,   6.85567,   3.72797,   7.97825,   4.84757
   8.76666,   7.48461,   5.43553,   4.30762,   1.70758
   4.44904,   7.43002,   5.86015,   3.61021,   3.73477
   2.45161,   3.81881,   4.82398,   9.85898,   5.21731
   9.54741,   7.08571,   8.98417,   6.29509,   3.64570
   8.02053,   2.98485,   8.97125,   3.35136,   7.54594
   7.76621,   9.28658,   5.52344,   9.77953,   4.51950
   6.26971,   8.06342,   1.01378,   7.95161,   7.16596
   6.96163,   1.15469,   9.27690,   2.69799,   8.77511
   5.37615,   5.80846,   7.55832,   2.89958,   4.67876
   6.21392,   4.57934,   1.50248,   3.90385,   2.90490
   5.74504,   1.35098,   4.46648,   5.38274,   4.48857
   5.49477,   4.05663,   2.36332,   1.13392,   1.89199
   3.51634,   1.87625,   2.93392,   6.68584,   4.09473
   6.08539,   3.76148,   5.12188,   4.10417,   2.53698
   4.61869,   5.34893,   9.59331,   6.49036,   3.18771
   7.57980,   5.44937,   2.19873,   3.49568,   2.49415
   3.29695,   8.12706,   6.97679,   5.15858,   5.16099
   5.99720,   7.64793,   3.40970,   7.10142,   4.04398
   2.26257,   4.10485,   5.19234,   9.03285,   4.25951
   9.40218,   3.24656,   2.87856,   7.20678,   7.52496
   7.43678,   8.29230,   9.48335,   2.00936,   7.52280
   3.95697,   8.48532,   1.85607,   6.51168,   6.49466
   8.46511,   7.22816,   3.47132,   3.04130,   1.30956
   3.37360,   3.02751,   3.79462,   6.05320,   2.28494
   5.51038,   5.18110,   6.86751,   7.54554,   0.75375
   7.26137,   2.50705,   8.74450,   2.83957,   7.58102
   6.83277,   9.35368,   3.55468,   2.52410,   2.72343
   1.14791,   1.88795,   9.67725,   1.90739,   7.80503
   4.29233,   9.60443,   3.96929,   2.26076,   5.58009
   7.90110,   9.19771,   3.63886,   5.49748,   2.26620
   1.91761,   6.65341,   2.04511,   7.15917,   6.97004
   2.24481,   8.02074,   3.05171,   5.67787,   6.34492
   9.28412,   8.75226,   5.23826,   7.20368,   2.03611
   9.51486,   7.18269,   3.79508,   7.99581,   4.80470
   5.98545,   6.94743,   8.40508,   2.18245,   6.29655
   2.01989,   5.04439,   9.95634,   3.76136,   6.89386
   5.39650,   5.08473,   4.38231,   4.04302,   0.46078
   2.23015,   6.68047,   9.13073,   1.52556,   8.81158
   4.38650,   3.20287,   5.78866,   5.29016,   1.28432
   9.03261,   7.65663,   6.76657,   6.79417,   1.37625
   8.56595,   9.42562,   7.54948,   1.48314,   6.12695
   4.22080,   6.49436,   1.72343,   5.32484,   4.25902
   4.03691,   4.42042,   6.02007,   6.98148,   1.03508
   3.52946,   7.69999,   1.74816,   3.55399,   4.54470
   5.07507,   7.16105,   9.48071,   3.01274,   6.79602
   4.41406,   3.36540,   3.90493,   5.91614,   2.26818
   2.20529,   7.79681,   3.09173,   4.44863,   5.75381
   5.62491,   8.37611,   7.12337,   2.30912,   5.54492
   3.68273,   5.80910,   5.16499,   5.44799,   2.14512
   7.33801,   8.40131,   4.89559,   5.91951,   1.47615
   6.99577,   7.56363,   3.24922,   1.91310,   1.45178
   5.43708,   7.03824,   2.40030,   3.61689,   2.01092
   4.58443,   5.04082,   6.02095,   8.47564,   2.49676
   2.34509,   5.82662,   5.07747,   2.79884,   4.16091
   6.00533,   2.27049,   6.40966,   7.43058,   3.87187
   1.73874,   6.68359,   4.28204,   3.62344,   4.98852
   5.55672,   7.50387,   7.58852,   6.19928,   2.39194
   4.17184,   8.19355,   9.95475,   9.61923,   4.03568
   5.20167,   5.96040,   7.22756,   1.13511,   6.13951
   3.87373,   4.38845,   6.57653,   2.50708,   4.10188
   1.50119,   9.89865,   1.02574,   9.34436,  11.82019
   2.23516,   2.11009,   6.58753,   9.67406,   3.08907
   5.05462,   3.00045,   5.03106,   3.78375,   2.40321
   1.60308,   2.32575,   8.92107,   5.49072,   3.50564
   3.86324,   7.98594,   1.95009,   1.34598,   4.16672
   1.63790,   4.94180,   3.96089,   3.44197,   3.34441
   8.65661,   8.92900,   5.64070,   2.95421,   2.70027
   6.71969,   4.35615,   3.76481,   6.00723,   3.25802
   6.53084,   3.01145,   6.79753,   9.80732,   4.63087
   6.24756,   4.84970,   4.47607,   3.98585,   1.48133
   2.56884,   3.79789,   6.02450,   8.94333,   3.16703
   9.31542,   9.22657,   9.53341,   5.26568,   4.26865
   1.63156,   3.98812,   7.51833,   4.81982,   3.58264
   3.81585,   2.27573,   6.66737,   5.45787,   1.95828
   4.05779,   2.44445,   9.53846,   7.73818,   2.41741
   3.08356,   3.57108,   2.80414,   2.15240,   0.81391
   8.63350,   3.35336,   7.45576,   2.20898,   7.44369
   9.90979,   1.08574,   7.75387,   7.72625,   8.82409
   3.18515,   9.79488,   3.03666,   7.66701,   8.07024
   6.64697,   2.08319,   2.05710,   5.78538,   5.89306
   1.26921,   4.12528,   7.97158,   9.89242,   3.44191
   1.81224,   6.92188,   9.21679,   8.32475,   5.18692
   8.54718,   7.57599,   6.38015,   8.00054,   1.88915
   8.53196,   8.74724,   5.68788,   2.00820,   3.68597
   3.23797,   9.37502,   5.71737,   4.99517,   6.17939
   6.35715,   6.90041,   9.81686,   6.83620,   3.02976
   2.72453,   7.78540,   6.49012,   4.08373,   5.60385
   8.42405,   7.94999,   5.91393,   7.17296,   1.34532
   7.98782,   6.83714,   8.41510,   4.35114,   4.22373
   8.73863,   7.02758,   5.91078,   1.92199,   4.34030
   8.70696,   4.08622,   6.73082,   3.00467,   5.93595
   4.59218,   4.13283,   8.97594,   8.33255,   0.79054
   9.02393,   1.01802,   3.80702,   2.41164,   8.12660
   8.78615,   6.86183,   7.30130,   9.23744,   2.72977
   8.86848,   7.22288,   6.32376,   9.15982,   3.27891
   6.22137,   1.64648,   8.30937,   8.86227,   4.60818
   8.86882,   3.45311,   3.48334,   2.39716,   5.52356
   4.22995,   6.47128,   4.94251,   5.69661,   2.36479
   5.44227,   4.80911,   6.84936,   5.87764,   1.15980
   9.89708,   8.50807,   3.67914,   3.42532,   1.41201
   1.86154,   7.91976,   4.38334,   7.25972,   6.70638
   8.44270,   3.09823,   3.03186,   3.55593,   5.37010
   9.17812,   6.57953,   1.45055,   8.49385,   7.50738
   3.13780,   1.02065,   8.32693,   3.87555,   4.92921
   4.68052,   4.50116,   5.98608,   3.64356,   2.34938
   5.38501,   3.26785,   3.80974,   5.59800,   2.77133
   4.72801,   5.82882,   1.36593,   5.59925,   4.37409
   4.78574,   5.34940,   8.87951,   6.50789,   2.43768
   3.05061,   8.66560,   4.69382,   5.49219,   5.67146
   4.64741,   8.49870,   2.59471,   8.61504,   7.14681
   5.10464,   6.58628,   2.15895,   9.31399,   7.30684
   3.01017,   8.77611,   4.83874,   6.65907,   6.04647
   3.74974,   8.27064,   9.83140,   7.04373,   5.31128
   2.98306,   9.96839,   8.99858,   2.82499,   9.32245
   2.28097,   6.72261,   2.94226,   7.13089,   6.10514
   1.86099,   1.58218,   7.47814,   9.92388,   2.46158
   8.91196,   1.24085,   6.63838,   7.34885,   7.70394
   6.59217,   8.40749,   5.60218,   3.09529,   3.09514
   1.38638,   4.02833,   5.22650,   6.48541,   2.92655
   1.99209,   9.29207,   7.37881,   2.82449,   8.60415
   3.08362,   7.06486,   5.34475,   8.11444,   4.84989
   7.53208,   1.96196,   9.18429,   7.84906,   5.72792
   1.82379,   2.40713,   7.32334,   7.32746,   0.58335
   3.29043,   9.53655,   8.45519,   5.69296,   6.82964
   5.60649,   1.87148,   5.68119,   8.83043,   4.88549
   1.94966,   9.50289,   3.23707,   5.93982,   8.02223
   9.79189,   9.90889,   9.21806,   5.34833,   3.87150
   9.39559,   2.19145,   3.73417,   4.05853,   7.21144
   7.85519,   8.96598,   5.27103,   5.08775,   1.12580
   3.26284,   8.16688,   7.11671,   7.05503,   4.90442
   3.84380,   9.72232,   6.12898,   2.04836,   7.15600
   2.12059,   5.82296,   3.70138,   7.38007,   5.21922
   6.44247,   5.46106,   7.46982,   9.67401,   2.41281
   9.13380,   1.45239,   9.10299,   5.05784,   8.68143
   1.96857,   3.43704,   2.31601,   1.89261,   1.52829
   6.98349,   8.47651,   5.60588,   4.22326,   2.03488
   9.36884,   1.08301,   9.05413,   1.30027,  11.34801
   9.45153,   1.80758,   5.56643,   1.33516,   8.73691
   7.26491,   2.07035,   9.95099,   1.94346,   9.54484
   3.95787,   1.99180,   5.89713,   3.84566,   2.84148
   2.57633,   2.52549,   4.86318,   8.83042,   3.96756
   5.06376,   7.69003,   3.63620,   3.04336,   2.69235
   2.37007,   4.72385,   7.45305,   3.81180,   4.33578
   4.35646,   5.40988,   1.96553,   9.42927,   7.53771
   7.27376,   5.68070,   1.86545,   9.80772,   8.10047
   3.68282,   8.91964,   8.27482,   7.68465,   5.26997
   5.31061,   7.15046,   6.86679,   7.42519,   1.92273
   7.69908,   6.21812,   2.76801,   7.94634,   5.38594
   8.77351,   2.64965,   6.93414,   5.12064,   6.38673
   3.25950,   9.11897,   1.63894,   7.86000,   8.54605
   2.23734,   2.07164,   4.47384,   2.80334,   1.67870
   3.32156,   4.04256,   3.91804,   5.43881,   1.68302
   4.58967,   6.12656,   3.30447,   7.68901,   4.64609
   5.35139,   7.94726,   7.38436,   7.90218,   2.64701
   8.00991,   3.46820,   5.12470,   2.14231,   5.43339
   4.55057,   5.15432,   7.75158,   8.47139,   0.93949
   9.63271,   7.21671,   5.39132,   6.81962,   2.80661
   5.54401,   5.54292,   4.88304,   8.91939,   4.03635
   9.91216,   6.77886,   9.69180,   9.78567,   3.13470
   5.54752,   5.76691,   5.42911,   8.35504,   2.93414
   3.26466,   8.48346,   7.88797,   5.77390,   5.63074
   9.74426,   5.45407,   8.65995,   8.76348,   4.29144
   5.33272,   9.49323,   9.76264,   9.87067,   4.16191
   1.17228,   4.71239,   7.76959,   1.41576,   7.27348
   2.24105,   3.89575,   1.18564,   5.73066,   4.83686
   3.73637,   1.80467,   9.41263,   1.92883,   7.72908
   7.29796,   1.18702,   4.18184,   8.92729,   7.73711
   9.05485,   1.09859,   2.33709,   7.14986,   9.29865
   8.09797,   1.15733,   5.14160,   1.26447,   7.95014
   7.92511,   7.84615,   2.73479,   6.99675,   4.26269
   8.91318,   5.22386,   2.50644,   9.71881,   8.10120
   5.78114,   5.77389,   7.54040,   5.65155,   1.88887
   9.82317,   7.94945,   5.74974,   8.10903,   3.01282
   9.60900,   8.28844,   5.30194,   1.43512,   4.08610
   3.59785,   1.09638,   4.13797,   9.18716,   5.63487
   9.28076,   3.80998,   5.66892,   7.33637,   5.71925
   9.43577,   5.78800,   7.14167,   3.98279,   4.82542
   8.72651,   1.81518,   2.53200,   2.18965,   6.91981
   5.96660,   3.11905,   2.30729,   9.43683,   7.67717
   5.90418,   9.03616,   9.13726,   9.85349,   3.21283
   5.34461,   2.87534,   8.65051,   6.89204,   3.03143
   6.13428,   2.84150,   8.27036,   8.58984,   3.30824
   5.07143,   8.69534,   5.75144,   8.89444,   4.79700
   6.18066,   1.48580,   1.28693,   4.99761,   5.98421
   5.34731,   1.03494,   1.37300,   9.00480,   8.76589
   9.52177,   8.20675,   4.91565,   1.02875,   4.10332
   9.51457,   3.20158,   2.08309,   7.14433,   8.09135
   7.35538,   3.56373,   9.02940,   1.74143,   8.21530
   6.92385,   6.15742,   6.92685,   5.63805,   1.49947
   4.39913,   1.13499,   3.87837,   7.39369,   4.79709
   6.18822,   1.28331,   9.66570,   9.88320,   4.90973
   4.81410,   8.64320,   3.64670,   3.05765,   3.87415
   9.81756,   2.90160,   1.83877,   7.98788,   9.25429
   7.89600,   8.41949,   2.64898,   9.45419,   6.82532
   8.02266,   1.44661,   4.83553,   4.49004,   6.58512
   8.20005,   6.96029,   1.03837,   7.02319,   6.11188
   3.20220,   1.70821,   5.69597,   6.14670,   1.56050
   6.34317,   7.93303,   7.01173,   5.07615,   2.50482
   4.78168,   9.54888,   7.27375,   6.17649,   4.89185
   3.50244,   1.35832,   2.71985,   7.87996,   5.58784
   9.84000,   1.01613,   4.16817,   5.88555,   8.98944
   2.34630,   1.53080,   7.47515,   5.91116,   1.76384
   8.62234,   2.76674,   7.29939,   9.65900,   6.31314
   5.35740,   4.99866,   4.55401,   4.18763,   0.51277
   7.34736,   7.30043,   7.02356,   1.85902,   5.16476
   7.04900,   4.03708,   9.96581,   2.12198,   8.40222
   2.26570,   9.10671,   2.70957,   6.78360,   7.96224
   6.55915,   1.44966,   5.94782,   1.68889,   6.65172
   3.32879,   2.63899,   4.92045,   7.75463,   2.91692
   5.18188,   3.46466,   9.64866,   5.65604,   4.34624
   4.53081,   3.10153,   7.28578,   7.32826,   1.42991
   3.90082,   6.98649,   4.65086,   6.02776,   3.37894
   5.79980,   5.10868,   8.68535,   6.98925,   1.83151
   3.36748,   4.63875,   9.67373,   8.80507,   1.53970
   5.55581,   6.46387,   3.10752,   2.01208,   1.42287
   9.08444,   2.62750,   9.83164,   7.34931,   6.91765
   3.09995,   8.64170,   2.95334,   5.02425,   5.91605
   9.47079,   8.78106,   2.28131,   5.06787,   2.87066
   9.21057,   7.50200,   8.80409,   7.49441,   2.15278
   8.81172,   1.18717,   6.78316,   9.43926,   8.07395
   6.34653,   3.30463,   2.86960,   5.62866,   4.10677
   4.83126,   6.10690,   6.17273,   4.20672,   2.34361
   8.23469,   8.89138,   8.50301,   1.54261,   6.99130
   8.84108,   8.40780,   3.92210,   7.19899,   3.30542
   1.84517,   7.76708,   9.64017,   9.24585,   5.93503
   9.76527,   4.66951,   2.79428,   6.58541,   6.35133
   3.95686,   5.54274,   1.28668,   3.85748,   3.02060
   9.93646,   8.83574,   4.18894,   4.94621,   1.33606
   3.11813,   2.34656,   4.44384,   4.55572,   0.77964
   9.38929,   2.71439,   9.55161,   2.18765,   9.93893
   1.04762,   8.43962,   1.48684,   2.16460,   7.42301
   5.56454,   1.52175,   5.16699,   6.09294,   4.14748
   1.07386,   9.66856,   9.71548,   2.93181,  10.94930
   6.98469,   8.05656,   8.69859,   1.06619,   7.70730
   4.62870,   4.26605,   4.49859,   7.64412,   3.16637
   3.20338,   2.59803,   3.44520,   4.68664,   1.38117
   8.21705,   4.04519,   8.74847,   4.18928,   6.17986
   9.90631,   2.94225,   2.16426,   4.24756,   7.26900
   6.68621,   8.99286,   5.36618,   7.00253,   2.82812
   4.44876,   1.64779,   7.52398,   5.43650,   3.49328
   6.03349,   1.26806,   9.63174,   3.92642,   7.43371
   9.66603,   5.58254,   2.84594,   9.06725,   7.44174
   9.68082,   8.83112,   1.83470,   1.32167,   0.99256
   8.98628,   3.10276,   7.17690,   6.92192,   5.88904
   9.14435,   2.24834,   3.88223,   4.93038,   6.97521
   3.28970,   2.93369,   7.23748,   4.42968,   2.83028
   2.87491,   9.58398,   7.57765,   6.40876,   6.81014
   4.29274,   5.93735,   4.64976,   2.60572,   2.62352
   8.68316,   8.48812,   5.15401,   2.34735,   2.81343
   7.88267,   4.80506,   4.04043,   9.68038,   6.42501
   2.06448,   1.09208,   8.07903,   3.40144,   4.77759
   9.63627,   5.25668,   9.67698,   9.58977,   4.38046
   2.25933,   9.39092,   9.85154,   3.79271,   9.35784
   5.48093,   8.03418,   3.17444,   1.03121,   3.33354
   7.16477,   9.40938,   4.43636,   9.79868,   5.81315
   5.38435,   4.35915,   4.90301,   7.05376,   2.38260
   2.12300,   9.26643,   2.20137,   1.36279,   7.19248
   1.91324,   1.03345,   1.76546,   3.81513,   2.23051
   8.43152,   7.73022,   1.75764,   5.83040,   4.13270
   1.00200,   6.51799,   3.23501,   3.99622,   5.56827
   8.09168,   7.69292,   6.58320,   6.29537,   0.49178
   2.78769,   3.77572,   7.91612,   5.92881,   2.21937
   4.89765,   1.10396,   6.43801,   7.57173,   3.95947
   7.72680,   3.40742,   9.48606,   9.57909,   4.32039
   2.58345,   7.77923,   4.90514,   9.93652,   7.23263
   4.93595,   5.88187,   5.21062,   3.04182,   2.36611
   5.80039,   6.48067,   7.42185,   7.43696,   0.68045
   6.04498,   2.78208,   4.90677,   9.09243,   5.30720
   4.59830,   7.87033,   7.76943,   1.34084,   7.21339
   5.89015,   5.35664,   8.82790,   9.54391,   0.89291
   2.76574,   3.81189,   2.56673,   8.12539,   5.65625
   9.98880,   6.14019,   2.77542,   3.71011,   3.96049
   6.43362,   4.65651,   7.74870,   2.23594,   5.79212
   5.12852,   9.05565,   4.00173,   4.71921,   3.99214
   9.53193,   5.03565,   9.49753,   9.34192,   4.49897
   2.92040,   6.30641,   8.81127,   3.51266,   6.28811
   2.79933,   3.90995,   2.67766,   6.47270,   3.95422
   5.00941,   4.19972,   7.78597,   7.15158,   1.02862
   7.43196,   9.85091,   1.21394,   9.16147,   8.30751
   3.04658,   9.66172,   7.74167,   2.04184,   8.73202
   8.66956,   4.40944,   5.37865,   1.16168,   5.99428
   7.12975,   7.66793,   9.51465,   2.72501,   6.81094
   1.09863,   5.95043,   9.14187,   1.02719,   9.45452
   7.66438,   4.88228,   3.66150,   4.66763,   2.95844
   8.21849,   3.06321,   5.04041,   2.85569,   5.59910
   7.46447,   1.12921,   7.93750,   7.34427,   6.36297
   1.55524,   1.37437,   7.84712,   1.63972,   6.21004
   8.13439,   9.83693,   2.02868,   9.30599,   7.47381
   6.13666,   4.78884,   9.23946,   2.78169,   6.59692
   2.58260,   7.35281,   2.96077,   4.80793,   5.11535
   9.17798,   4.17858,   3.64439,   8.95927,   7.29671
   2.63925,   7.18691,   4.27680,   6.30113,   4.97786
   3.12964,   6.53475,   8.98152,   1.68672,   8.05040
   6.41886,   1.89725,   3.42734,   2.10324,   4.71150
   4.66619,   2.26325,   6.77505,   7.61018,   2.54393
   4.70941,   1.48635,   9.03503,   6.69606,   3.98232
   8.64287,   5.02906,   1.19954,   5.80164,   5.85141
   8.25394,   7.45253,   1.35850,   3.74299,   2.51556
   4.36002,   4.65419,   4.43170,   8.03912,   3.61940
   5.12728,   1.81267,   6.08054,   2.94653,   4.56166
   8.14329,   3.59113,   1.95888,   1.48136,   4.57713
   2.57952,   3.64291,   2.06340,   1.72914,   1.11469
   9.22224,   5.42721,   4.80591,   2.39010,   4.49871
   4.83107,   3.08763,   5.13727,   6.90123,   2.48015
   4.82479,   4.17703,   7.15674,   5.57280,   1.71127
   8.74120,   4.55634,   8.91833,   2.72223,   7.47695
   2.36804,   4.60848,   7.50557,   3.61644,   4.48831
   5.56025,   8.45512,   4.35010,   9.86847,   6.23159
   1.40390,   3.70615,   3.83016,   1.79250,   3.07448
   2.48661,   6.36915,   5.79511,   8.96941,   5.01501
   3.63515,   8.15910,   6.98651,   5.64918,   4.71747
   4.91658,   5.96790,   4.36384,   1.17120,   3.36128
   8.89897,   8.76325,   4.34108,   5.37688,   1.04465
   6.18472,   9.39890,   3.58881,   9.41999,   6.65835
   6.42521,   7.35246,   3.92833,   3.17849,   1.19250
   5.05491,   5.47432,   8.84078,   8.85713,   0.41973
   2.85114,   6.69972,   9.81267,   5.96283,   5.44360
   8.96920,   1.44411,   6.94585,   9.30447,   7.88606
   7.18426,   3.03448,   2.85878,   6.23432,   5.34929
   2.01396,   6.60381,   8.03030,   1.92504,   7.63813
   8.55341,   9.41786,   2.84767,   9.79447,   7.00037
   6.25405,   5.86061,   7.30719,   3.17621,   4.14967
   9.42765,   9.00294,   6.90004,   4.08950,   2.84244
   5.20425,   7.85076,   4.20599,   9.52791,   5.94364
   8.29646,   9.14774,   1.04571,   1.92064,   1.22073
   3.56507,   3.73822,   4.78388,   5.62099,   0.85483
   5.86014,   1.90493,   8.97894,   7.38499,   4.26431
   1.26138,   3.18051,   4.81913,   4.25560,   2.00016
   7.19542,   6.91486,   4.53969,   6.77923,   2.25705
   7.50156,   1.47499,   1.51270,   4.46795,   6.71216
   1.25607,   1.00001,   2.71862,   6.83043,   4.11978
   6.86376,   8.14648,   3.53364,   9.95487,   6.54809
   8.06359,   5.26243,   3.43251,   6.06302,   3.84266
   6.20041,   4.13419,   6.39647,   9.63625,   3.84259
   3.16635,   5.33075,   2.55595,   5.08941,   3.33212
   1.36320,   3.37049,   1.49650,   9.22247,   7.98248
   1.57863,   5.06908,   3.47100,   6.32589,   4.50928
   2.48516,   6.91269,   7.92488,   4.58428,   5.54641
   6.87798,   6.18900,   6.69240,   7.98763,   1.46707
   9.17490,   8.65567,   1.63654,   7.93340,   6.31823
   4.75487,   7.64375,   4.78116,   2.43759,   3.71994
   7.55757,   9.39135,   7.13379,   8.11950,   2.08191
   7.23023,   8.04179,   1.64267,   9.61105,   8.00960
   5.40907,   5.43975,   5.14740,   6.60711,   1.46003
   8.29455,   9.13061,   3.86927,   3.47437,   0.92463
   4.77107,   9.28223,   3.99242,   4.96280,   4.61435
   3.40320,   6.33467,   5.05947,   4.83729,   2.93987
   3.47686,   8.61930,   1.89387,   7.89948,   7.90646
   6.65984,   5.46372,   9.29066,   4.91369,   4.53746
   4.58501,   5.83902,   1.80268,   7.77591,   6.10344
   4.20073,   8.69135,   3.12100,   6.62063,   5.69324
   9.17862,   9.57828,   3.53414,   7.55648,   4.04215
   9.30787,   9.35799,   8.82933,   2.24330,   6.58622
   2.35771,   5.21880,   5.66591,   7.92950,   3.64824
   8.92642,   2.08704,   6.83891,   2.90817,   7.88846
   3.86339,   3.91437,   8.53251,   8.54070,   0.05163
   9.85180,   5.53603,   8.70967,   1.66833,   8.25871
   6.50452,   4.15457,   7.18763,   6.48027,   2.45410
   3.70945,   4.08380,   8.13469,   1.09734,   7.04730
   9.74416,   4.80024,   2.17833,   5.71370,   6.07793
   3.99335,   6.67607,   1.45282,   8.53843,   7.57646
   7.30287,   4.06622,   3.00895,   2.03274,   3.38067
   8.84902,   9.89441,   3.00684,   9.37074,   6.44919
   6.71297,   7.22516,   8.53109,   9.71864,   1.29330
   7.71151,   3.06036,   4.89420,   6.75526,   5.00966
   3.73324,   8.50898,   5.97353,   2.58451,   5.85604
   5.69745,   5.49062,   9.54725,   1.99259,   7.55749
   4.75549,   9.05518,   1.98194,   2.06862,   4.30057
   8.75896,   7.18023,   9.41539,   4.35202,   5.30378
   9.67408,   7.25437,   5.98122,   5.11613,   2.56970
   7.41963,   7.02910,   2.20756,   7.40585,   5.21294
   1.07059,   6.09697,   6.82543,   3.92358,   5.80389
   5.92637,   9.48260,   2.24219,   8.43519,   7.14143
   1.08920,   2.89061,   5.96382,   8.16004,   2.84051
   7.07322,   2.45176,   2.97333,   8.58873,   7.27260
   9.02987,   2.44405,   4.95458,   2.93462,   6.88863
   2.86688,   8.95574,   8.54952,   6.90369,   6.30738
   6.96573,   9.21635,   5.81362,   8.90969,   3.82765
   7.29501,   8.21865,   7.43236,   8.70775,   1.57471
   4.55664,   6.92902,   1.67637,   8.71825,   7.43077
   7.95900,   1.20457,   5.96075,   7.35093,   6.89601
   8.25547,   4.72799,   2.58244,   3.97525,   3.79249
   1.89812,   3.59034,   9.79090,   4.20877,   5.83299
   4.37517,   4.24094,   2.45726,   8.79305,   6.33721
   8.25360,   3.56086,   4.73744,   4.85280,   4.69416
   1.10010,   8.64424,   7.05714,   9.04498,   7.80164
   6.79059,   1.54287,   1.55084,   8.50317,   8.71054
   3.86634,   7.98230,   8.25229,   3.69363,   6.14187
   5.93879,   2.21203,   1.78167,   3.97279,   4.32317
   7.64246,   5.06749,   9.88540,   4.63360,   5.84908
   6.22424,   7.23824,   6.58565,   9.76898,   3.34092
   3.85798,   4.77162,   6.83705,   8.49387,   1.89204
   2.53207,   9.47831,   5.90929,   1.30597,   8.33312
   7.65147,   9.51548,   5.33818,   2.69931,   3.23082
   3.47519,   3.39639,   8.13522,   6.46050,   1.67658
   3.04989,   4.58504,   9.47086,   9.23727,   1.55283
   1.45454,   9.01221,   3.39843,   8.56334,   9.15394
   3.72364,   2.49362,   6.81113,   6.83287,   1.23021
   8.32060,   3.78002,   6.36243,   2.43136,   6.00584
   5.30529,   6.47586,   9.78478,   3.73132,   6.16560
   5.21540,   6.41549,   7.81564,   7.67435,   1.20838
   7.17894,   6.61569,   7.14134,   8.06861,   1.08493
   6.58747,   9.92437,   9.97384,   3.44722,   7.33019
   7.47850,   5.84090,   5.16609,   6.38887,   2.04375
   9.13180,   8.47512,   8.02939,   2.92275,   5.14869
   8.28730,   4.95582,   2.29017,   5.94984,   4.94893
   4.18790,   5.79536,   1.97290,   9.09488,   7.30114
   4.89731,   5.15209,   6.49636,   2.45308,   4.05129
   8.89487,   5.47449,   6.74918,   6.75626,   3.42039
   3.96653,   1.18714,   9.15080,   4.87871,   5.09664
   6.02254,   7.39184,   8.28531,   8.01491,   1.39574
   2.59171,   8.66376,   6.58254,   4.71046,   6.35409
   9.98304,   9.90426,   8.76120,   4.00922,   4.75263
   3.72815,   4.78082,   5.13644,   3.72279,   1.76253
   2.30897,   6.88946,   6.41896,   2.29285,   6.16488
   5.38209,   5.07742,   1.66123,   1.67744,   0.30510
   6.01891,   6.73542,   7.26599,   9.26198,   2.12070
   3.67836,   2.31283,   4.30904,   8.53527,   4.44137
   2.27826,   3.95713,   9.74919,   1.48738,   8.43066
   2.37135,   3.31080,   3.96006,   9.15657,   5.28075
   1.20214,   3.40588,   8.28170,   6.58865,   2.77901
   3.63214,   4.52453,   7.91870,   9.54499,   1.85504
   8.46150,   1.72412,   5.60980,   2.51274,   7.41513
   5.20534,   1.42016,   8.22581,   8.03236,   3.79012
   6.07157,   9.73368,   9.12788,   1.51801,   8.44519
   5.04038,   1.85589,   3.81484,   7.46183,   4.84164
   1.73391,   6.25876,   4.74987,   8.72481,   6.02283
   2.71075,   7.32950,   5.79610,   1.74338,   6.14471
   4.23675,   8.45059,   6.45408,   8.77722,   4.81181
   4.26288,   5.32119,   3.60013,   1.20462,   2.61887
   3.82516,   9.40821,   5.92590,   3.60703,   6.04546
   2.27236,   1.62834,   9.89540,   3.80969,   6.11969
   7.85304,   4.76594,   5.96455,   5.09331,   3.20769
   4.52915,   5.21367,   5.31680,   2.71220,   2.69305
   2.50509,   5.52912,   4.00345,   6.52841,   3.93957
   6.88378,   1.06711,   4.72030,   2.87422,   6.10259
   7.88327,   5.69918,   8.22092,   6.86713,   2.56963
   9.48193,   8.78470,   4.96362,   7.02932,   2.18019
   3.73352,   8.53856,   6.41649,   4.01554,   5.37150
   2.68581,   2.05960,   6.53492,   2.07100,   4.50763
   2.60636,   1.09965,   1.83583,   8.00466,   6.35017
   5.64111,   3.59345,   9.93177,   8.91741,   2.28513
   8.19407,   4.39075,   7.20753,   5.98965,   3.99356
   1.29061,   7.96782,   6.21585,   7.76863,   6.85538
   5.17205,   4.93294,   3.13627,   3.09387,   0.24283
   9.27318,   7.05125,   5.42607,   9.27070,   4.44051
   5.64830,   9.11818,   1.93860,   4.00606,   4.03911
   9.83978,   2.50797,   5.14399,   1.91037,   8.01322
   1.01176,   2.28167,   3.24910,   5.88197,   2.92312
   1.66373,   9.17951,   4.45853,   9.22833,   8.90157
   6.80119,   8.25797,   2.88162,   2.76441,   1.46149
   5.69003,   2.61769,   3.40229,   8.05495,   5.57553
