x1,x2,y1
   0.14801,   0.86790,   0.17054
   0.74665,   0.91144,   0.81920
   0.82523,   0.88140,   0.93628
   0.39407,   0.56167,   0.70160
   0.14747,   0.47559,   0.31008
   0.81813,   0.06387,  12.80840
   0.83377,   0.02774,  30.05471
   0.27429,   0.42923,   0.63902
   0.64021,   0.12990,   4.92852
   0.44966,   0.78981,   0.56933
   0.59667,   0.43559,   1.36979
   0.10456,   0.77669,   0.13462
   0.75753,   0.58524,   1.29439
   0.40918,   0.71353,   0.57346
   0.38211,   0.25228,   1.51462
   0.05480,   0.59334,   0.09236
   0.41578,   0.70210,   0.59220
   0.64840,   0.35196,   1.84223
   0.74216,   0.23468,   3.16241
   0.93127,   0.89770,   1.03740
   0.83037,   0.04706,  17.64620
   0.63641,   0.97869,   0.65027
   0.40909,   0.38728,   1.05631
   0.82187,   0.40153,   2.04686
   0.18380,   0.39995,   0.45955
   0.09008,   0.28912,   0.31155
   0.64958,   0.67248,   0.96596
   0.91772,   0.95199,   0.96400
   0.45165,   0.42535,   1.06184
   0.78969,   0.33380,   2.36577
   0.84151,   0.15718,   5.35375
   0.49404,   0.87436,   0.56504
   0.91390,   0.41876,   2.18240
   0.42757,   0.57730,   0.74064
   0.30269,   0.48216,   0.62777
   0.13309,   0.27082,   0.49145
   0.51538,   0.87449,   0.58935
   0.04373,   0.56780,   0.07702
   0.01463,   0.66749,   0.02192
   0.39875,   0.49593,   0.80404
   0.33667,   0.54314,   0.61986
   0.66765,   0.18460,   3.61680
   0.79781,   0.71072,   1.12253
   0.90324,   0.44233,   2.04203
   0.70322,   0.72520,   0.96969
   0.01238,   0.54879,   0.02256
   0.85117,   0.19145,   4.44585
   0.10352,   0.50829,   0.20367
   0.99827,   0.90540,   1.10257
   0.21706,   0.07983,   2.71897
   0.52750,   0.29697,   1.77628
   0.68415,   0.31114,   2.19881
   0.93536,   0.43730,   2.13894
   0.42834,   0.27213,   1.57405
   0.52318,   0.95835,   0.54592
   0.47923,   0.47125,   1.01694
   0.23920,   0.04349,   5.50021
   0.74726,   0.04963,  15.05664
   0.05922,   0.88981,   0.06656
   0.68516,   0.26622,   2.57371
   0.19539,   0.43647,   0.44766
   0.75114,   0.65529,   1.14627
   0.26084,   0.34070,   0.76560
   0.84756,   0.04393,  19.29482
   0.83008,   0.80870,   1.02645
   0.57277,   0.28898,   1.98203
   0.80672,   0.20520,   3.93138
   0.88497,   0.14552,   6.08126
   0.21713,   0.61470,   0.35323
   0.03177,   0.72035,   0.04410
   0.90809,   0.43809,   2.07283
   0.66907,   0.65746,   1.01767
   0.27474,   0.22458,   1.22332
   0.79969,   0.70782,   1.12980
   0.30695,   0.86201,   0.35609
   0.23311,   0.21421,   1.08825
   0.60968,   0.98877,   0.61661
   0.55907,   0.36150,   1.54651
   0.40453,   0.94104,   0.42987
   0.32766,   0.79331,   0.41303
   0.80181,   0.86817,   0.92357
   0.14288,   0.27112,   0.52699
   0.06734,   0.61855,   0.10886
   0.52512,   0.23328,   2.25101
   0.02358,   0.90322,   0.02611
   0.67752,   0.16301,   4.15626
   0.32449,   0.28509,   1.13822
   0.47752,   0.43258,   1.10390
   0.74546,   0.56810,   1.31220
   0.95547,   0.67240,   1.42099
   0.77156,   0.13860,   5.56680
   0.09580,   0.35194,   0.27221
   0.52758,   0.09146,   5.76871
   0.89309,   0.86977,   1.02681
   0.69659,   0.58173,   1.19744
   0.28733,   0.32904,   0.87323
   0.09402,   0.59226,   0.15875
   0.12029,   0.74499,   0.16146
   0.15052,   0.07953,   1.89256
   0.96646,   0.50737,   1.90484
   0.27995,   0.29857,   0.93764
   0.12832,   0.29763,   0.43113
   0.22962,   0.47246,   0.48601
   0.34533,   0.06884,   5.01660
   0.94090,   0.99721,   0.94352
   0.93863,   0.94688,   0.99129
   0.71587,   0.68405,   1.04651
   0.15381,   0.75336,   0.20416
   0.96862,   0.97980,   0.98859
   0.76917,   0.47195,   1.62976
   0.30782,   0.67705,   0.45465
   0.17044,   0.23393,   0.72858
   0.04245,   0.62404,   0.06803
   0.83071,   0.97033,   0.85610
   0.33137,   0.35419,   0.93556
   0.64254,   0.64941,   0.98942
   0.42634,   0.60494,   0.70477
   0.51231,   0.72872,   0.70302
   0.52043,   0.65473,   0.79488
   0.39795,   0.20967,   1.89794
   0.15162,   0.51965,   0.29177
   0.37637,   0.25654,   1.46709
   0.60933,   0.99723,   0.61102
   0.41378,   0.58844,   0.70318
   0.23525,   0.44699,   0.52630
   0.44478,   0.75680,   0.58771
   0.69283,   0.38264,   1.81064
   0.21999,   0.87849,   0.25042
   0.48500,   0.46437,   1.04441
   0.19821,   0.98869,   0.20047
   0.94460,   0.91737,   1.02969
   0.68767,   0.95881,   0.71722
   0.50169,   0.56044,   0.89519
   0.12476,   0.42839,   0.29123
   0.71086,   0.01799,  39.52219
   0.23785,   0.09691,   2.45433
   0.55660,   0.21724,   2.56216
   0.93625,   0.36854,   2.54040
   0.00069,   0.93166,   0.00074
   0.96559,   0.20851,   4.63082
   0.16074,   0.73321,   0.21923
   0.43139,   0.73857,   0.58409
   0.16388,   0.74032,   0.22137
   0.87173,   0.03324,  26.22209
   0.30503,   0.59723,   0.51074
   0.37701,   0.75901,   0.49672
   0.72659,   0.44791,   1.62215
   0.83873,   0.36988,   2.26755
   0.69920,   0.17881,   3.91028
   0.59332,   0.01941,  30.56663
   0.41147,   0.34866,   1.18015
   0.62773,   0.46063,   1.36278
   0.98512,   0.77920,   1.26427
   0.31249,   0.82903,   0.37694
   0.93121,   0.27477,   3.38902
   0.57623,   0.71125,   0.81017
   0.65020,   0.55681,   1.16773
   0.06321,   0.26190,   0.24134
   0.02997,   0.61895,   0.04841
   0.11483,   0.27966,   0.41060
   0.17413,   0.56293,   0.30934
   0.04915,   0.56792,   0.08655
   0.80562,   0.77773,   1.03586
   0.90183,   0.93174,   0.96790
   0.50810,   0.15781,   3.21962
   0.77318,   0.11210,   6.89704
   0.54075,   0.21004,   2.57447
   0.98177,   0.62692,   1.56602
   0.32957,   0.42080,   0.78321
   0.63886,   0.07172,   8.90749
   0.50888,   0.21579,   2.35820
   0.04164,   0.45689,   0.09114
   0.52173,   0.43452,   1.20071
   0.89861,   0.67112,   1.33897
   0.21186,   0.65127,   0.32530
   0.29703,   0.37340,   0.79546
   0.88241,   0.32469,   2.71770
   0.19436,   0.08190,   2.37309
   0.87843,   0.10628,   8.26546
   0.16045,   0.99020,   0.16203
   0.16511,   0.03917,   4.21570
   0.51271,   0.50705,   1.01117
   0.97274,   0.27360,   3.55535
   0.25279,   0.70897,   0.35656
   0.23365,   0.62801,   0.37205
   0.67703,   0.54839,   1.23458
   0.95097,   0.24596,   3.86629
   0.04850,   0.33577,   0.14446
   0.96556,   0.79628,   1.21259
   0.59599,   0.45868,   1.29937
   0.56468,   0.80829,   0.69861
   0.60138,   0.62477,   0.96257
   0.90929,   0.58647,   1.55045
   0.12934,   0.98982,   0.13067
   0.25348,   0.99600,   0.25450
   0.34412,   0.54775,   0.62824
   0.52763,   0.65183,   0.80946
   0.61094,   0.46979,   1.30045
   0.44931,   0.17631,   2.54841
   0.85648,   0.06441,  13.29785
   0.63406,   0.75068,   0.84466
   0.77522,   0.92961,   0.83392
   0.70701,   0.84773,   0.83400
   0.90709,   0.03081,  29.44144
   0.80747,   0.21725,   3.71676
   0.17115,   0.25650,   0.66725
   0.92364,   0.84000,   1.09956
   0.10543,   0.17144,   0.61501
   0.37354,   0.72802,   0.51309
   0.56429,   0.79677,   0.70822
   0.96011,   0.40571,   2.36649
   0.06472,   0.43247,   0.14966
   0.17814,   0.89355,   0.19936
   0.37845,   0.37498,   1.00926
   0.00741,   0.74530,   0.00994
   0.32237,   0.73061,   0.44123
   0.41883,   0.01802,  23.24747
   0.52691,   0.63325,   0.83207
   0.22095,   0.29931,   0.73818
   0.45124,   0.51511,   0.87601
   0.94167,   0.58620,   1.60640
   0.44324,   0.98392,   0.45048
   0.71586,   0.89992,   0.79547
   0.12811,   0.93835,   0.13653
   0.14523,   0.61261,   0.23706
   0.44110,   0.51837,   0.85093
   0.31176,   0.81111,   0.38436
   0.93144,   0.43264,   2.15295
   0.32148,   0.10221,   3.14541
   0.24424,   0.58028,   0.42090
   0.50534,   0.69526,   0.72684
   0.09978,   0.54321,   0.18369
   0.47716,   0.46866,   1.01814
   0.63525,   0.19352,   3.28254
   0.63363,   0.13764,   4.60361
   0.16550,   0.32720,   0.50582
   0.82136,   0.55345,   1.48407
   0.28305,   0.38442,   0.73630
   0.57042,   0.48358,   1.17957
   0.81714,   0.63120,   1.29459
   0.60297,   0.70914,   0.85028
   0.87309,   0.04162,  20.97838
   0.37249,   0.85026,   0.43808
   0.84651,   0.82278,   1.02885
   0.33790,   0.51546,   0.65554
   0.74769,   0.33754,   2.21508
   0.19116,   0.06032,   3.16895
   0.48960,   0.52889,   0.92570
   0.43830,   0.04658,   9.40874
   0.25291,   0.27940,   0.90520
   0.52518,   0.62974,   0.83397
   0.61144,   0.26922,   2.27117
   0.82020,   0.12142,   6.75504
   0.50796,   0.79491,   0.63902
   0.00484,   0.85929,   0.00563
   0.78416,   0.77566,   1.01096
   0.06303,   0.34640,   0.18196
   0.22030,   0.09255,   2.38047
   0.32877,   0.50938,   0.64544
   0.45573,   0.26869,   1.69610
   0.06369,   0.96616,   0.06592
   0.83414,   0.36296,   2.29812
   0.86555,   0.03503,  24.70925
   0.87574,   0.63372,   1.38190
   0.41679,   0.45195,   0.92220
   0.37394,   0.74844,   0.49963
   0.44068,   0.66174,   0.66595
   0.46506,   0.67371,   0.69030
   0.89802,   0.32102,   2.79738
   0.13174,   0.01771,   7.44078
   0.28203,   0.38114,   0.73996
   0.90804,   0.35995,   2.52267
   0.83552,   0.17206,   4.85590
   0.52565,   0.80825,   0.65035
   0.72868,   0.53425,   1.36394
   0.93038,   0.32741,   2.84167
   0.71548,   0.50545,   1.41552
   0.20111,   0.88645,   0.22687
   0.44980,   0.19116,   2.35300
   0.23993,   0.79270,   0.30268
   0.59744,   0.23990,   2.49033
   0.72890,   0.64740,   1.12588
   0.85038,   0.39461,   2.15500
   0.29339,   0.80845,   0.36290
   0.57549,   0.64194,   0.89649
   0.80482,   0.25911,   3.10611
   0.37375,   0.17497,   2.13608
   0.58760,   0.98113,   0.59890
   0.40630,   0.96506,   0.42101
   0.08792,   0.90686,   0.09695
   0.56809,   0.51559,   1.10183
   0.65073,   0.78953,   0.82420
   0.85575,   0.90683,   0.94368
   0.35351,   0.39606,   0.89256
   0.31876,   0.96968,   0.32873
   0.60517,   0.67926,   0.89093
   0.42772,   0.42351,   1.00996
   0.38415,   0.21783,   1.76356
   0.76098,   0.35709,   2.13109
   0.30024,   0.12182,   2.46461
   0.99117,   0.86915,   1.14039
   0.09960,   0.19518,   0.51032
   0.75470,   0.76688,   0.98411
   0.52607,   0.35354,   1.48801
   0.56473,   0.74751,   0.75548
   0.48923,   0.66834,   0.73200
   0.95510,   0.27572,   3.46405
   0.58690,   0.64582,   0.90877
   0.16466,   0.41776,   0.39414
   0.22413,   0.49194,   0.45561
   0.15726,   0.80132,   0.19625
   0.06577,   0.23052,   0.28533
   0.06914,   0.01585,   4.36340
   0.76505,   0.24266,   3.15278
   0.75846,   0.57719,   1.31404
   0.93468,   0.55805,   1.67490
   0.63999,   0.94754,   0.67542
   0.39560,   0.94553,   0.41839
   0.31631,   0.08254,   3.83236
   0.17244,   0.26268,   0.65648
   0.29676,   0.98618,   0.30092
   0.93820,   0.85457,   1.09786
   0.78891,   0.56172,   1.40444
   0.86078,   0.55697,   1.54547
   0.47914,   0.06013,   7.96859
   0.00619,   0.86826,   0.00713
   0.56593,   0.64036,   0.88377
   0.74428,   0.16015,   4.64754
   0.02353,   0.90224,   0.02608
   0.55107,   0.32883,   1.67585
   0.24886,   0.54665,   0.45525
   0.10418,   0.07270,   1.43301
   0.01650,   0.73918,   0.02232
   0.76278,   0.50384,   1.51395
   0.74206,   0.77570,   0.95664
   0.69620,   0.58418,   1.19177
   0.98560,   0.43230,   2.27988
   0.03354,   0.49541,   0.06771
   0.95638,   0.41203,   2.32112
   0.90436,   0.27942,   3.23656
   0.62568,   0.52939,   1.18189
   0.97373,   0.16380,   5.94481
   0.44351,   0.09615,   4.61269
   0.36150,   0.25897,   1.39595
   0.99685,   0.11828,   8.42786
   0.03782,   0.05460,   0.69256
   0.64127,   0.33446,   1.91733
   0.16249,   0.16017,   1.01446
   0.08613,   0.12106,   0.71145
   0.66402,   0.68574,   0.96832
   0.44501,   0.37366,   1.19095
   0.50986,   0.41594,   1.22579
   0.47547,   0.05060,   9.39651
   0.24970,   0.91960,   0.27153
   0.14631,   0.50100,   0.29204
   0.06399,   0.80910,   0.07909
   0.10582,   0.81229,   0.13027
   0.02414,   0.85823,   0.02812
   0.50648,   0.19707,   2.57006
   0.95442,   0.77980,   1.22392
   0.87039,   0.87249,   0.99759
   0.79091,   0.81162,   0.97449
   0.94010,   0.69274,   1.35708
   0.80843,   0.84263,   0.95941
   0.55625,   0.80950,   0.68715
   0.02902,   0.51885,   0.05593
   0.69399,   0.27423,   2.53070
   0.60619,   0.40787,   1.48625
   0.55854,   0.60327,   0.92585
   0.55434,   0.01830,  30.29602
   0.14326,   0.65597,   0.21840
   0.61335,   0.43453,   1.41153
   0.09872,   0.05424,   1.82019
   0.44999,   0.97656,   0.46079
   0.16422,   0.50094,   0.32782
   0.86088,   0.38109,   2.25897
   0.32420,   0.54465,   0.59524
   0.95522,   0.63526,   1.50366
   0.59376,   0.26280,   2.25935
   0.90327,   0.61412,   1.47085
   0.07893,   0.62439,   0.12641
   0.10976,   0.93637,   0.11722
   0.95835,   0.43909,   2.18257
   0.51523,   0.06592,   7.81566
   0.29508,   0.52688,   0.56004
   0.52633,   0.65297,   0.80605
   0.97706,   0.04424,  22.08304
   0.64701,   0.76885,   0.84153
   0.54585,   0.03199,  17.06053
   0.47967,   0.35145,   1.36481
   0.05699,   0.55436,   0.10281
   0.11365,   0.67898,   0.16738
   0.68256,   0.53375,   1.27880
   0.51355,   0.80646,   0.63680
   0.80955,   0.81876,   0.98875
   0.68153,   0.60746,   1.12193
   0.90708,   0.47717,   1.90096
   0.60570,   0.08385,   7.22369
   0.38253,   0.29016,   1.31835
   0.70938,   0.62328,   1.13813
   0.21982,   0.05361,   4.10058
   0.66275,   0.86229,   0.76860
   0.13540,   0.10854,   1.24744
   0.20764,   0.57519,   0.36099
   0.77684,   0.85643,   0.90707
   0.70861,   0.50323,   1.40812
   0.32390,   0.44410,   0.72934
   0.95934,   0.60768,   1.57870
   0.64929,   0.28341,   2.29102
   0.41634,   0.05504,   7.56493
   0.40171,   0.21796,   1.84302
   0.86389,   0.86208,   1.00211
   0.54455,   0.74736,   0.72863
   0.52027,   0.51066,   1.01883
   0.86273,   0.62420,   1.38214
   0.72122,   0.63273,   1.13986
   0.62847,   0.18892,   3.32659
   0.03679,   0.09563,   0.38465
   0.28279,   0.14030,   2.01565
   0.58318,   0.95530,   0.61047
   0.96348,   0.85326,   1.12918
   0.60858,   0.82348,   0.73903
   0.48445,   0.35206,   1.37605
   0.75138,   0.91308,   0.82291
   0.10436,   0.97393,   0.10715
   0.08314,   0.44348,   0.18747
   0.33795,   0.93960,   0.35967
   0.26769,   0.88186,   0.30355
   0.05654,   0.18610,   0.30381
   0.20205,   0.97101,   0.20808
   0.60460,   0.18177,   3.32609
   0.52487,   0.05624,   9.33341
   0.30711,   0.09330,   3.29155
   0.87253,   0.37924,   2.30075
   0.27444,   0.20268,   1.35405
   0.00628,   0.35334,   0.01779
   0.95618,   0.62741,   1.52402
   0.52023,   0.78530,   0.66245
   0.51545,   0.88558,   0.58204
   0.65765,   0.40330,   1.63067
   0.62636,   0.43134,   1.45211
   0.22730,   0.15884,   1.43103
   0.55174,   0.57019,   0.96765
   0.58507,   0.57320,   1.02072
   0.04640,   0.40422,   0.11480
   0.89421,   0.26198,   3.41328
   0.22722,   0.84890,   0.26766
   0.48483,   0.08691,   5.57839
   0.62911,   0.27992,   2.24747
   0.37322,   0.34859,   1.07064
   0.05150,   0.49065,   0.10496
   0.90339,   0.68479,   1.31922
   0.31610,   0.18369,   1.72084
   0.83732,   0.50415,   1.66087
   0.28288,   0.72154,   0.39205
   0.70704,   0.78309,   0.90289
   0.13299,   0.13625,   0.97606
   0.37608,   0.33077,   1.13699
   0.81297,   0.19802,   4.10543
   0.55620,   0.42824,   1.29880
   0.03968,   0.94313,   0.04207
   0.20943,   0.86955,   0.24085
   0.25202,   0.77168,   0.32658
   0.57161,   0.27139,   2.10625
   0.99038,   0.22519,   4.39802
   0.15811,   0.18598,   0.85014
   0.80221,   0.76103,   1.05412
   0.52662,   0.77634,   0.67833
   0.10043,   0.83435,   0.12037
   0.10264,   0.08945,   1.14742
   0.21651,   0.53263,   0.40650
   0.37903,   0.93442,   0.40564
   0.23700,   0.17391,   1.36276
   0.05998,   0.76859,   0.07804
   0.44868,   0.83513,   0.53726
   0.04540,   0.77493,   0.05859
   0.12788,   0.44944,   0.28453
   0.62093,   0.35919,   1.72869
   0.90466,   0.17348,   5.21468
   0.44166,   0.91087,   0.48488
   0.93205,   0.77350,   1.20499
   0.83807,   0.44748,   1.87285
   0.01861,   0.38305,   0.04858
   0.64047,   0.09227,   6.94125
   0.33242,   0.18541,   1.79283
   0.51666,   0.80750,   0.63983
   0.63993,   0.79519,   0.80475
   0.74395,   0.33932,   2.19245
   0.84331,   0.99744,   0.84547
   0.64912,   0.92114,   0.70469
   0.20978,   0.14719,   1.42524
   0.52086,   0.21318,   2.44331
   0.16426,   0.43303,   0.37934
   0.31268,   0.56342,   0.55496
   0.62861,   0.36611,   1.71702
   0.07230,   0.32924,   0.21960
   0.63723,   0.36447,   1.74835
   0.18995,   0.73976,   0.25678
   0.55528,   0.60284,   0.92110
   0.19630,   0.81836,   0.23987
   0.48582,   0.64241,   0.75624
   0.75013,   0.14076,   5.32926
   0.10123,   0.14624,   0.69223
   0.57848,   0.89115,   0.64914
   0.27913,   0.90124,   0.30971
   0.64635,   0.15460,   4.18078
   0.16137,   0.89884,   0.17953
   0.15112,   0.55378,   0.27289
   0.71883,   0.07030,  10.22466
   0.24717,   0.98072,   0.25203
   0.14805,   0.50277,   0.29448
   0.60312,   0.43658,   1.38149
   0.22471,   0.46191,   0.48647
   0.67593,   0.29037,   2.32781
   0.04509,   0.61225,   0.07365
   0.73113,   0.44625,   1.63839
   0.42645,   0.84581,   0.50418
   0.60110,   0.83153,   0.72289
   0.68549,   0.05969,  11.48509
   0.81102,   0.06493,  12.48992
   0.92099,   0.81898,   1.12456
   0.30774,   0.22419,   1.37272
   0.52403,   0.50709,   1.03341
   0.39704,   0.75034,   0.52915
   0.68286,   0.19666,   3.47219
   0.03202,   0.72846,   0.04396
   0.38444,   0.93730,   0.41016
   0.43298,   0.78457,   0.55187
   0.75590,   0.59043,   1.28025
   0.91122,   0.48810,   1.86686
   0.50096,   0.11576,   4.32773
   0.61317,   0.22140,   2.76946
   0.28280,   0.95745,   0.29537
   0.32004,   0.32552,   0.98316
   0.96006,   0.14397,   6.66852
   0.85428,   0.92001,   0.92856
   0.53646,   0.35948,   1.49231
   0.34678,   0.37391,   0.92744
   0.60318,   0.39651,   1.52124
   0.09662,   0.96378,   0.10025
   0.57095,   0.60337,   0.94627
   0.82789,   0.16946,   4.88538
   0.19885,   0.57458,   0.34608
   0.06439,   0.04707,   1.36776
   0.36078,   0.94161,   0.38315
   0.60894,   0.06801,   8.95306
   0.49473,   0.61528,   0.80407
   0.70225,   0.87362,   0.80384
   0.12578,   0.29621,   0.42464
   0.63935,   0.54157,   1.18054
   0.22985,   0.09569,   2.40206
   0.05534,   0.92416,   0.05988
   0.37031,   0.49804,   0.74353
   0.32789,   0.70217,   0.46696
   0.34419,   0.03421,  10.06024
   0.64940,   0.14152,   4.58877
   0.10849,   0.31797,   0.34121
   0.52260,   0.20145,   2.59420
   0.49670,   0.37601,   1.32097
   0.84084,   0.90451,   0.92961
   0.29369,   0.90949,   0.32292
   0.06754,   0.53874,   0.12537
   0.05100,   0.04832,   1.05546
   0.73420,   0.34721,   2.11458
   0.97967,   0.36473,   2.68600
   0.88683,   0.88600,   1.00094
   0.23168,   0.78695,   0.29441
   0.28429,   0.68496,   0.41505
   0.52424,   0.46711,   1.12229
   0.49448,   0.20050,   2.46618
   0.42422,   0.79273,   0.53514
   0.57706,   0.17054,   3.38365
   0.38104,   0.04300,   8.86096
   0.10407,   0.71846,   0.14485
   0.74834,   0.33255,   2.25033
   0.33792,   0.65972,   0.51222
   0.47195,   0.48578,   0.97154
   0.94343,   0.87982,   1.07230
   0.60072,   0.22802,   2.63449
   0.92721,   0.07044,  13.16225
   0.23511,   0.68228,   0.34459
   0.72596,   0.55707,   1.30318
   0.26969,   0.77378,   0.34854
   0.40353,   0.38519,   1.04761
   0.03767,   0.87331,   0.04313
   0.04069,   0.62343,   0.06527
   0.36882,   0.04544,   8.11672
   0.23959,   0.99889,   0.23985
   0.94459,   0.83453,   1.13188
   0.88308,   0.19579,   4.51041
   0.30048,   0.08492,   3.53843
   0.69898,   0.78190,   0.89395
   0.11519,   0.26106,   0.44126
   0.70995,   0.36762,   1.93119
   0.83292,   0.93909,   0.88694
   0.05836,   0.25584,   0.22810
   0.62089,   0.48279,   1.28604
   0.41113,   0.92905,   0.44253
   0.07789,   0.10999,   0.70814
   0.09108,   0.15223,   0.59834
   0.69839,   0.77769,   0.89803
   0.15320,   0.33050,   0.46355
   0.35781,   0.09495,   3.76857
   0.20367,   0.29348,   0.69399
   0.19698,   0.02581,   7.63048
   0.63316,   0.38248,   1.65542
   0.44246,   0.41348,   1.07009
   0.48451,   0.59763,   0.81072
   0.39486,   0.71327,   0.55359
   0.37822,   0.22943,   1.64854
   0.33044,   0.39402,   0.83863
   0.07824,   0.27057,   0.28916
   0.16557,   0.22839,   0.72494
   0.55430,   0.45637,   1.21458
   0.23430,   0.18004,   1.30135
   0.34941,   0.62923,   0.55530
   0.76278,   0.74650,   1.02181
   0.88004,   0.70226,   1.25316
   0.27586,   0.02240,  12.31316
   0.67985,   0.54357,   1.25070
   0.10337,   0.94079,   0.10987
   0.56218,   0.68431,   0.82153
   0.67430,   0.70897,   0.95110
   0.67415,   0.64327,   1.04801
   0.90410,   0.37515,   2.40997
   0.36304,   0.73243,   0.49566
   0.30141,   0.31915,   0.94444
   0.09291,   0.65839,   0.14111
   0.24181,   0.67514,   0.35817
   0.89887,   0.34681,   2.59183
   0.38655,   0.98869,   0.39097
   0.30644,   0.21836,   1.40340
   0.70099,   0.77119,   0.90897
   0.39378,   0.80964,   0.48636
   0.54903,   0.02523,  21.75966
   0.54468,   0.59622,   0.91356
   0.14024,   0.58488,   0.23978
   0.86664,   0.07573,  11.44420
   0.47336,   0.93331,   0.50718
   0.29198,   0.02419,  12.06958
   0.45280,   0.04669,   9.69877
   0.63220,   0.96699,   0.65379
   0.93671,   0.24788,   3.77884
   0.08033,   0.98850,   0.08127
   0.77622,   0.46488,   1.66973
   0.78012,   0.50811,   1.53533
   0.19473,   0.54428,   0.35778
   0.61194,   0.77417,   0.79045
   0.38656,   0.59457,   0.65016
   0.56774,   0.88977,   0.63807
   0.69121,   0.25059,   2.75829
   0.57432,   0.20438,   2.81008
   0.81720,   0.74299,   1.09988
   0.83228,   0.30836,   2.69907
   0.79794,   0.59571,   1.33947
   0.52007,   0.25711,   2.02276
   0.09356,   0.47766,   0.19587
   0.77397,   0.34979,   2.21269
   0.63303,   0.85583,   0.73967
   0.30943,   0.12466,   2.48217
   0.50677,   0.92800,   0.54608
   0.43278,   0.06541,   6.61687
   0.46083,   0.09317,   4.94621
   0.59352,   0.87354,   0.67944
   0.00405,   0.14698,   0.02757
   0.52358,   0.43188,   1.21232
   0.23844,   0.77903,   0.30607
   0.63014,   0.63329,   0.99502
   0.59453,   0.73967,   0.80378
   0.82198,   0.58898,   1.39559
   0.93062,   0.88768,   1.04837
   0.89232,   0.35759,   2.49536
   0.95484,   0.93268,   1.02375
   0.86415,   0.83712,   1.03230
   0.78119,   0.71290,   1.09579
   0.48956,   0.06660,   7.35124
   0.41562,   0.73169,   0.56803
   0.01069,   0.80453,   0.01328
   0.80064,   0.69161,   1.15764
   0.91420,   0.55533,   1.64622
   0.38665,   0.55066,   0.70216
   0.64005,   0.27313,   2.34334
   0.78854,   0.27899,   2.82634
   0.95785,   0.49133,   1.94950
   0.65461,   0.25110,   2.60695
   0.62749,   0.73232,   0.85685
   0.92667,   0.06577,  14.08843
   0.09637,   0.96676,   0.09969
   0.80058,   0.99142,   0.80751
   0.32835,   0.84215,   0.38989
   0.09032,   0.95192,   0.09488
   0.17658,   0.28786,   0.61343
   0.95838,   0.44159,   2.17029
   0.17134,   0.31676,   0.54090
   0.38508,   0.82379,   0.46745
   0.47250,   0.38528,   1.22638
   0.14357,   0.31879,   0.45035
   0.96385,   0.74362,   1.29617
   0.42568,   0.24000,   1.77366
   0.08009,   0.20086,   0.39874
   0.58044,   0.39992,   1.45136
   0.70965,   0.71513,   0.99234
   0.66266,   0.49876,   1.32860
   0.71579,   0.35318,   2.02673
   0.10750,   0.92659,   0.11602
   0.86982,   0.31579,   2.75439
   0.80706,   0.83925,   0.96165
   0.00996,   0.24528,   0.04061
   0.25415,   0.16607,   1.53037
   0.81501,   0.44438,   1.83404
   0.92841,   0.86565,   1.07250
   0.37686,   0.56528,   0.66669
   0.47555,   0.60533,   0.78561
   0.27606,   0.77471,   0.35634
   0.28557,   0.83712,   0.34113
   0.20817,   0.63622,   0.32720
   0.60108,   0.50535,   1.18941
   0.88583,   0.46261,   1.91484
   0.94213,   0.90853,   1.03699
   0.72909,   0.77846,   0.93658
   0.05836,   0.06104,   0.95604
   0.34356,   0.72537,   0.47364
   0.73919,   0.82343,   0.89770
   0.14663,   0.30881,   0.47484
   0.31874,   0.71629,   0.44499
   0.10037,   0.95400,   0.10521
   0.12669,   0.86111,   0.14712
   0.93577,   0.76845,   1.21774
   0.01594,   0.23214,   0.06868
   0.70587,   0.82075,   0.86004
   0.01996,   0.40837,   0.04887
   0.40088,   0.46350,   0.86489
   0.92973,   0.56956,   1.63237
   0.62760,   0.88283,   0.71089
   0.64682,   0.13899,   4.65382
   0.19676,   0.05102,   3.85620
   0.07730,   0.93605,   0.08258
   0.58935,   0.74588,   0.79014
   0.18689,   0.85917,   0.21753
   0.86947,   0.83171,   1.04540
   0.42631,   0.04834,   8.81873
   0.13660,   0.86375,   0.15815
   0.07218,   0.56958,   0.12673
   0.67884,   0.20414,   3.32537
   0.44649,   0.42809,   1.04299
   0.15752,   0.04649,   3.38810
   0.28842,   0.99114,   0.29100
   0.43564,   0.44208,   0.98542
   0.94081,   0.01553,  60.58281
   0.40268,   0.22465,   1.79245
   0.54451,   0.35778,   1.52193
   0.49348,   0.95181,   0.51847
   0.13694,   0.27241,   0.50272
   0.10703,   0.34088,   0.31399
   0.45473,   0.26372,   1.72431
   0.47081,   0.84081,   0.55995
   0.94258,   0.22512,   4.18710
   0.55826,   0.62420,   0.89435
   0.69847,   0.16182,   4.31624
   0.19005,   0.15999,   1.18786
   0.94873,   0.60462,   1.56914
   0.54494,   0.15103,   3.60811
   0.35127,   0.41450,   0.84745
   0.25560,   0.01611,  15.86680
   0.04302,   0.81378,   0.05286
   0.81293,   0.16958,   4.79372
   0.38289,   0.54655,   0.70056
   0.24275,   0.14799,   1.64027
   0.23679,   0.80425,   0.29442
   0.37787,   0.69542,   0.54336
   0.62945,   0.49432,   1.27337
   0.06234,   0.81648,   0.07636
   0.89493,   0.11514,   7.77274
   0.27908,   0.85993,   0.32454
   0.12724,   0.24846,   0.51211
   0.05418,   0.23899,   0.22669
   0.68894,   0.45151,   1.52585
   0.92623,   0.27025,   3.42728
   0.24751,   0.26058,   0.94985
   0.42616,   0.04438,   9.60203
   0.90837,   0.63878,   1.42203
   0.36851,   0.09981,   3.69214
   0.51599,   0.05177,   9.96789
   0.31312,   0.97536,   0.32103
   0.92528,   0.11671,   7.92797
   0.48991,   0.91374,   0.53615
   0.37993,   0.43909,   0.86525
   0.91040,   0.98018,   0.92881
   0.19720,   0.34359,   0.57392
   0.34786,   0.59903,   0.58071
   0.01315,   0.02451,   0.53666
   0.97120,   0.28726,   3.38085
   0.59297,   0.41203,   1.43915
   0.35340,   0.43704,   0.80863
   0.61864,   0.03967,  15.59567
   0.21739,   0.12684,   1.71393
   0.20745,   0.11793,   1.75903
   0.33256,   0.03565,   9.32893
   0.00263,   0.55347,   0.00476
   0.62792,   0.91636,   0.68524
   0.77458,   0.82718,   0.93640
   0.91410,   0.58991,   1.54956
   0.17515,   0.54205,   0.32312
   0.99909,   0.06827,  14.63417
   0.83894,   0.32533,   2.57872
   0.34432,   0.87576,   0.39316
   0.16108,   0.30237,   0.53273
   0.54681,   0.21021,   2.60124
   0.58219,   0.16808,   3.46373
   0.87070,   0.30963,   2.81204
   0.24933,   0.62287,   0.40029
   0.84056,   0.17152,   4.90065
   0.93565,   0.28466,   3.28686
   0.83257,   0.20611,   4.03951
   0.78349,   0.06021,  13.01331
   0.31240,   0.75331,   0.41470
   0.31186,   0.82748,   0.37687
   0.12327,   0.24002,   0.51358
   0.34449,   0.36226,   0.95095
   0.47641,   0.46293,   1.02911
   0.91646,   0.21492,   4.26411
   0.74127,   0.31449,   2.35706
   0.12316,   0.26000,   0.47371
   0.39767,   0.09279,   4.28595
   0.38734,   0.75611,   0.51228
   0.87801,   0.84847,   1.03481
   0.58077,   0.91255,   0.63643
   0.89562,   0.32319,   2.77123
   0.84694,   0.39499,   2.14422
   0.94882,   0.88800,   1.06849
   0.39880,   0.32229,   1.23739
   0.02900,   0.31169,   0.09303
   0.33467,   0.88975,   0.37614
   0.87767,   0.97856,   0.89690
   0.31195,   0.75990,   0.41051
   0.17432,   0.53842,   0.32376
   0.58463,   0.73682,   0.79345
   0.96730,   0.63703,   1.51847
   0.63308,   0.73419,   0.86229
   0.54953,   0.25309,   2.17130
   0.61812,   0.77594,   0.79660
   0.28896,   0.80146,   0.36054
   0.58206,   0.94904,   0.61332
   0.18428,   0.23980,   0.76848
   0.01709,   0.42823,   0.03991
   0.76144,   0.05087,  14.96980
   0.94301,   0.34653,   2.72128
   0.74105,   0.69491,   1.06639
   0.43881,   0.53898,   0.81415
   0.52208,   0.93605,   0.55775
   0.55128,   0.44488,   1.23916
   0.23909,   0.46311,   0.51626
   0.78547,   0.42121,   1.86480
   0.40343,   0.89818,   0.44916
   0.90934,   0.35420,   2.56727
   0.68718,   0.46948,   1.46371
   0.35289,   0.84891,   0.41570
   0.99867,   0.27616,   3.61623
   0.47895,   0.39847,   1.20197
   0.92583,   0.49448,   1.87232
   0.69447,   0.69064,   1.00555
   0.89071,   0.04222,  21.09646
   0.70526,   0.58649,   1.20251
   0.47434,   0.03546,  13.37662
   0.66931,   0.74234,   0.90162
   0.59321,   0.67260,   0.88196
   0.19419,   0.02375,   8.17603
   0.22325,   0.41355,   0.53985
   0.33837,   0.01953,  17.32760
   0.49634,   0.41752,   1.18879
   0.34202,   0.82352,   0.41532
   0.36253,   0.84303,   0.43003
   0.84867,   0.90353,   0.93928
   0.81739,   0.60708,   1.34642
   0.43134,   0.18255,   2.36289
   0.58439,   0.84704,   0.68993
   0.48560,   0.13002,   3.73478
   0.26284,   0.56383,   0.46617
   0.05986,   0.64740,   0.09247
   0.24590,   0.37335,   0.65864
   0.26556,   0.33538,   0.79182
   0.77185,   0.80250,   0.96180
   0.96826,   0.89106,   1.08663
   0.08760,   0.94039,   0.09315
   0.61750,   0.94589,   0.65283
   0.22570,   0.71291,   0.31659
   0.32648,   0.30943,   1.05512
   0.79043,   0.66981,   1.18008
   0.50149,   0.56497,   0.88764
   0.42837,   0.50721,   0.84456
   0.44025,   0.97885,   0.44976
   0.14475,   0.61001,   0.23729
   0.67991,   0.89203,   0.76220
   0.04021,   0.86391,   0.04655
   0.45589,   0.43741,   1.04226
   0.08753,   0.90731,   0.09647
   0.34024,   0.49473,   0.68773
   0.47922,   0.67948,   0.70527
   0.27694,   0.23947,   1.15647
   0.23247,   0.30009,   0.77466
   0.46004,   0.50718,   0.90704
   0.67548,   0.99576,   0.67836
   0.30907,   0.75460,   0.40957
   0.64897,   0.16732,   3.87848
   0.49597,   0.53546,   0.92625
   0.81161,   0.45824,   1.77116
   0.15286,   0.30579,   0.49989
   0.29712,   0.81081,   0.36645
   0.23978,   0.90310,   0.26551
   0.88176,   0.42834,   2.05855
   0.11694,   0.82706,   0.14139
   0.86103,   0.47652,   1.80691
   0.31123,   0.98062,   0.31738
   0.24549,   0.51861,   0.47336
   0.65011,   0.76369,   0.85128
   0.61882,   0.36438,   1.69827
   0.75449,   0.89467,   0.84331
   0.50079,   0.08673,   5.77447
   0.03330,   0.26347,   0.12639
   0.29392,   0.62800,   0.46802
   0.65507,   0.15582,   4.20391
   0.34021,   0.65643,   0.51828
   0.92425,   0.09217,  10.02711
   0.33567,   0.41099,   0.81673
   0.13658,   0.88946,   0.15355
   0.80993,   0.01845,  43.89223
   0.29109,   0.92645,   0.31419
   0.36030,   0.72571,   0.49648
   0.01055,   0.62545,   0.01688
   0.18066,   0.69646,   0.25940
   0.04963,   0.59058,   0.08404
   0.11365,   0.58818,   0.19323
   0.79902,   0.02757,  28.98057
   0.05349,   0.14000,   0.38206
   0.68688,   0.12541,   5.47730
   0.81492,   0.84264,   0.96710
   0.81949,   0.80893,   1.01306
   0.65122,   0.84114,   0.77421
   0.86755,   0.76425,   1.13517
   0.97855,   0.32419,   3.01843
   0.63932,   0.51354,   1.24492
   0.60522,   0.11024,   5.49010
   0.61054,   0.02939,  20.77292
   0.92239,   0.80361,   1.14781
   0.30753,   0.81707,   0.37638
   0.69675,   0.86981,   0.80103
   0.20749,   0.05045,   4.11236
   0.87551,   0.70118,   1.24863
   0.61846,   0.53480,   1.15644
   0.69130,   0.53338,   1.29609
   0.40824,   0.79155,   0.51575
   0.35152,   0.98111,   0.35829
   0.39295,   0.99895,   0.39336
   0.99916,   0.58089,   1.72006
   0.80814,   0.05866,  13.77624
   0.80997,   0.46684,   1.73502
   0.24297,   0.75628,   0.32127
   0.04548,   0.17331,   0.26245
   0.47755,   0.79936,   0.59742
   0.07396,   0.70212,   0.10534
   0.27463,   0.95960,   0.28619
   0.70754,   0.53619,   1.31958
   0.58416,   0.51971,   1.12401
   0.13465,   0.13663,   0.98549
   0.65389,   0.06410,  10.20143
   0.94944,   0.05979,  15.87992
   0.66888,   0.33388,   2.00334
   0.53193,   0.53574,   0.99290
   0.50500,   0.88049,   0.57355
   0.72333,   0.57363,   1.26096
   0.99046,   0.33558,   2.95150
   0.48201,   0.10695,   4.50680
   0.58157,   0.38332,   1.51719
   0.77768,   0.07230,  10.75616
   0.20657,   0.69806,   0.29592
   0.93337,   0.87076,   1.07190
   0.83161,   0.47904,   1.73600
   0.12435,   0.38549,   0.32257
   0.33660,   0.28988,   1.16119
   0.66896,   0.86477,   0.77357
   0.50146,   0.91108,   0.55041
   0.12811,   0.01586,   8.07776
   0.05352,   0.12426,   0.43069
   0.95155,   0.91158,   1.04385
   0.19604,   0.49313,   0.39754
   0.23626,   0.63348,   0.37296
   0.21083,   0.55597,   0.37921
   0.85362,   0.72813,   1.17234
   0.36786,   0.13739,   2.67752
   0.34501,   0.79786,   0.43243
   0.53747,   0.62304,   0.86265
   0.66001,   0.44738,   1.47527
   0.70360,   0.29141,   2.41447
   0.71636,   0.10968,   6.53148
   0.98193,   0.43950,   2.23417
   0.80404,   0.20200,   3.98047
   0.72844,   0.14661,   4.96844
   0.94702,   0.82771,   1.14414
   0.78495,   0.09782,   8.02462
   0.97045,   0.44219,   2.19467
